timestamp,building_id,device_id,energy_usage,temperature,occupancy
2026-01-01 00:00:00,B1,HVAC_1,46.09,30,71
2026-01-01 01:00:00,B1,HVAC_1,53.69,26,106
2026-01-01 02:00:00,B1,HVAC_1,61.3,34,94
2026-01-01 03:00:00,B1,HVAC_1,50.55,31,22
2026-01-01 04:00:00,B1,HVAC_1,47.7,29,72
2026-01-01 05:00:00,B1,HVAC_1,43.77,28,52
2026-01-01 06:00:00,B1,HVAC_1,45.49,35,77
2026-01-01 07:00:00,B1,HVAC_1,55.05,24,110
2026-01-01 08:00:00,B1,HVAC_1,78.69,34,61
2026-01-01 09:00:00,B1,HVAC_1,84.08,37,70
2026-01-01 10:00:00,B1,HVAC_1,82.98,35,74
2026-01-01 11:00:00,B1,HVAC_1,75.88,28,70
2026-01-01 12:00:00,B1,HVAC_1,70.53,30,40
2026-01-01 13:00:00,B1,HVAC_1,80.1,32,79
2026-01-01 14:00:00,B1,HVAC_1,82.5,37,28
2026-01-01 15:00:00,B1,HVAC_1,70.54,35,27
2026-01-01 16:00:00,B1,HVAC_1,69.78,26,97
2026-01-01 17:00:00,B1,HVAC_1,63.5,27,21
2026-01-01 18:00:00,B1,HVAC_1,114.76,37,25
2026-01-01 19:00:00,B1,HVAC_1,88.53,36,82
2026-01-01 20:00:00,B1,HVAC_1,75.46,25,109
2026-01-01 21:00:00,B1,HVAC_1,72.13,27,33
2026-01-01 22:00:00,B1,HVAC_1,51.7,31,97
2026-01-01 23:00:00,B1,HVAC_1,37.88,25,72
2026-01-02 00:00:00,B1,HVAC_1,49.43,31,45
2026-01-02 01:00:00,B1,HVAC_1,59.3,36,60
2026-01-02 02:00:00,B1,HVAC_1,43.92,36,34
2026-01-02 03:00:00,B1,HVAC_1,51.42,31,107
2026-01-02 04:00:00,B1,HVAC_1,65.45,34,100
2026-01-02 05:00:00,B1,HVAC_1,52.79,34,24
2026-01-02 06:00:00,B1,HVAC_1,66.21,33,122
2026-01-02 07:00:00,B1,HVAC_1,58.26,32,91
2026-01-02 08:00:00,B1,HVAC_1,78.72,35,53
2026-01-02 09:00:00,B1,HVAC_1,86.6,37,107
2026-01-02 10:00:00,B1,HVAC_1,73.43,28,118
2026-01-02 11:00:00,B1,HVAC_1,76.99,26,84
2026-01-02 12:00:00,B1,HVAC_1,74.53,26,120
2026-01-02 13:00:00,B1,HVAC_1,96.62,37,122
2026-01-02 14:00:00,B1,HVAC_1,71.93,34,28
2026-01-02 15:00:00,B1,HVAC_1,88.06,35,96
2026-01-02 16:00:00,B1,HVAC_1,73.2,26,82
2026-01-02 17:00:00,B1,HVAC_1,95.26,36,115
2026-01-02 18:00:00,B1,HVAC_1,115.84,27,113
2026-01-02 19:00:00,B1,HVAC_1,82.86,34,48
2026-01-02 20:00:00,B1,HVAC_1,76.14,27,32
2026-01-02 21:00:00,B1,HVAC_1,79.72,29,47
2026-01-02 22:00:00,B1,HVAC_1,46.66,25,61
2026-01-02 23:00:00,B1,HVAC_1,52.64,29,47
2026-01-03 00:00:00,B1,HVAC_1,62.91,35,127
2026-01-03 01:00:00,B1,HVAC_1,54.08,35,108
2026-01-03 02:00:00,B1,HVAC_1,41.87,30,81
2026-01-03 03:00:00,B1,HVAC_1,51.96,37,96
2026-01-03 04:00:00,B1,HVAC_1,36.73,32,22
2026-01-03 05:00:00,B1,HVAC_1,44.38,32,81
2026-01-03 06:00:00,B1,HVAC_1,44.29,28,116
2026-01-03 07:00:00,B1,HVAC_1,39.44,34,51
2026-01-03 08:00:00,B1,HVAC_1,72.49,31,124
2026-01-03 09:00:00,B1,HVAC_1,69.52,33,71
2026-01-03 10:00:00,B1,HVAC_1,61.11,35,58
2026-01-03 11:00:00,B1,HVAC_1,59.92,24,75
2026-01-03 12:00:00,B1,HVAC_1,60.8,24,78
2026-01-03 13:00:00,B1,HVAC_1,83.02,29,106
2026-01-03 14:00:00,B1,HVAC_1,69.89,28,115
2026-01-03 15:00:00,B1,HVAC_1,62.31,25,72
2026-01-03 16:00:00,B1,HVAC_1,84.06,35,109
2026-01-03 17:00:00,B1,HVAC_1,69.96,34,36
2026-01-03 18:00:00,B1,HVAC_1,98.03,29,43
2026-01-03 19:00:00,B1,HVAC_1,69.19,29,30
2026-01-03 20:00:00,B1,HVAC_1,67.65,24,92
2026-01-03 21:00:00,B1,HVAC_1,73.67,36,22
2026-01-03 22:00:00,B1,HVAC_1,42.69,27,78
2026-01-03 23:00:00,B1,HVAC_1,27.29,26,39
2026-01-04 00:00:00,B1,HVAC_1,40.93,30,71
2026-01-04 01:00:00,B1,HVAC_1,49.24,30,101
2026-01-04 02:00:00,B1,HVAC_1,41.05,31,20
2026-01-04 03:00:00,B1,HVAC_1,35.67,25,42
2026-01-04 04:00:00,B1,HVAC_1,52.62,37,61
2026-01-04 05:00:00,B1,HVAC_1,40.3,33,79
2026-01-04 06:00:00,B1,HVAC_1,31.95,24,21
2026-01-04 07:00:00,B1,HVAC_1,35.96,30,28
2026-01-04 08:00:00,B1,HVAC_1,80.18,32,118
2026-01-04 09:00:00,B1,HVAC_1,61.21,27,43
2026-01-04 10:00:00,B1,HVAC_1,59.2,29,52
2026-01-04 11:00:00,B1,HVAC_1,66.61,31,55
2026-01-04 12:00:00,B1,HVAC_1,74.72,29,123
2026-01-04 13:00:00,B1,HVAC_1,65.18,36,37
2026-01-04 14:00:00,B1,HVAC_1,65.15,37,101
2026-01-04 15:00:00,B1,HVAC_1,68.18,36,60
2026-01-04 16:00:00,B1,HVAC_1,60.18,27,52
2026-01-04 17:00:00,B1,HVAC_1,54.53,27,27
2026-01-04 18:00:00,B1,HVAC_1,108.01,30,86
2026-01-04 19:00:00,B1,HVAC_1,93.18,35,78
2026-01-04 20:00:00,B1,HVAC_1,72.5,26,105
2026-01-04 21:00:00,B1,HVAC_1,78.87,29,121
2026-01-04 22:00:00,B1,HVAC_1,50.08,36,70
2026-01-04 23:00:00,B1,HVAC_1,35.14,25,40
2026-01-05 00:00:00,B1,HVAC_1,65.48,37,116
2026-01-05 01:00:00,B1,HVAC_1,64.2,28,80
2026-01-05 02:00:00,B1,HVAC_1,39.86,26,23
2026-01-05 03:00:00,B1,HVAC_1,42.56,24,63
2026-01-05 04:00:00,B1,HVAC_1,53.73,35,49
2026-01-05 05:00:00,B1,HVAC_1,59.4,28,114
2026-01-05 06:00:00,B1,HVAC_1,45.79,26,79
2026-01-05 07:00:00,B1,HVAC_1,50.14,28,51
2026-01-05 08:00:00,B1,HVAC_1,69.17,30,52
2026-01-05 09:00:00,B1,HVAC_1,84.59,32,125
2026-01-05 10:00:00,B1,HVAC_1,79.53,29,77
2026-01-05 11:00:00,B1,HVAC_1,73.35,30,85
2026-01-05 12:00:00,B1,HVAC_1,91.34,34,125
2026-01-05 13:00:00,B1,HVAC_1,65.8,24,28
2026-01-05 14:00:00,B1,HVAC_1,137.84,34,67
2026-01-05 15:00:00,B1,HVAC_1,89.64,33,118
2026-01-05 16:00:00,B1,HVAC_1,62.94,25,44
2026-01-05 17:00:00,B1,HVAC_1,78.38,30,76
2026-01-05 18:00:00,B1,HVAC_1,104.22,27,64
2026-01-05 19:00:00,B1,HVAC_1,86.46,26,106
2026-01-05 20:00:00,B1,HVAC_1,100.38,35,117
2026-01-05 21:00:00,B1,HVAC_1,81.02,29,70
2026-01-05 22:00:00,B1,HVAC_1,46.01,32,77
2026-01-05 23:00:00,B1,HVAC_1,57.94,33,77
2026-01-06 00:00:00,B1,HVAC_1,45.53,29,68
2026-01-06 01:00:00,B1,HVAC_1,36.18,24,27
2026-01-06 02:00:00,B1,HVAC_1,53.2,28,79
2026-01-06 03:00:00,B1,HVAC_1,34.8,27,25
2026-01-06 04:00:00,B1,HVAC_1,77.4,36,115
2026-01-06 05:00:00,B1,HVAC_1,59.07,30,59
2026-01-06 06:00:00,B1,HVAC_1,42.73,27,35
2026-01-06 07:00:00,B1,HVAC_1,57.31,37,38
2026-01-06 08:00:00,B1,HVAC_1,79.06,24,82
2026-01-06 09:00:00,B1,HVAC_1,85.43,33,120
2026-01-06 10:00:00,B1,HVAC_1,84.27,33,81
2026-01-06 11:00:00,B1,HVAC_1,156.93,28,20
2026-01-06 12:00:00,B1,HVAC_1,64.86,33,20
2026-01-06 13:00:00,B1,HVAC_1,73.13,29,67
2026-01-06 14:00:00,B1,HVAC_1,87.77,32,123
2026-01-06 15:00:00,B1,HVAC_1,94.39,36,122
2026-01-06 16:00:00,B1,HVAC_1,63.83,28,41
2026-01-06 17:00:00,B1,HVAC_1,77.34,29,76
2026-01-06 18:00:00,B1,HVAC_1,126.25,36,97
2026-01-06 19:00:00,B1,HVAC_1,83.2,27,52
2026-01-06 20:00:00,B1,HVAC_1,99.25,37,113
2026-01-06 21:00:00,B1,HVAC_1,88.7,29,88
2026-01-06 22:00:00,B1,HVAC_1,45.36,27,53
2026-01-06 23:00:00,B1,HVAC_1,59.18,31,88
2026-01-07 00:00:00,B1,HVAC_1,54.49,36,23
2026-01-07 01:00:00,B1,HVAC_1,52.39,25,111
2026-01-07 02:00:00,B1,HVAC_1,51.76,34,103
2026-01-07 03:00:00,B1,HVAC_1,61.2,35,52
2026-01-07 04:00:00,B1,HVAC_1,49.23,24,80
2026-01-07 05:00:00,B1,HVAC_1,49.15,26,84
2026-01-07 06:00:00,B1,HVAC_1,40.22,24,59
2026-01-07 07:00:00,B1,HVAC_1,60.04,31,112
2026-01-07 08:00:00,B1,HVAC_1,80.44,33,93
2026-01-07 09:00:00,B1,HVAC_1,81.02,28,128
2026-01-07 10:00:00,B1,HVAC_1,77.55,34,48
2026-01-07 11:00:00,B1,HVAC_1,78.92,36,55
2026-01-07 12:00:00,B1,HVAC_1,91.34,33,120
2026-01-07 13:00:00,B1,HVAC_1,79.55,24,118
2026-01-07 14:00:00,B1,HVAC_1,80.01,27,101
2026-01-07 15:00:00,B1,HVAC_1,70.51,30,81
2026-01-07 16:00:00,B1,HVAC_1,76.01,28,31
2026-01-07 17:00:00,B1,HVAC_1,83.9,32,118
2026-01-07 18:00:00,B1,HVAC_1,110.81,32,49
2026-01-07 19:00:00,B1,HVAC_1,98.8,32,105
2026-01-07 20:00:00,B1,HVAC_1,96.86,36,78
2026-01-07 21:00:00,B1,HVAC_1,87.08,27,102
2026-01-07 22:00:00,B1,HVAC_1,40.89,33,35
2026-01-07 23:00:00,B1,HVAC_1,51.82,32,71
2026-01-08 00:00:00,B1,HVAC_1,65.25,34,104
2026-01-08 01:00:00,B1,HVAC_1,55.44,32,58
2026-01-08 02:00:00,B1,HVAC_1,55.5,36,72
2026-01-08 03:00:00,B1,HVAC_1,48.16,33,24
2026-01-08 04:00:00,B1,HVAC_1,61.17,26,106
2026-01-08 05:00:00,B1,HVAC_1,53.22,35,28
2026-01-08 06:00:00,B1,HVAC_1,52.04,33,77
2026-01-08 07:00:00,B1,HVAC_1,51.97,30,65
2026-01-08 08:00:00,B1,HVAC_1,79.69,36,59
2026-01-08 09:00:00,B1,HVAC_1,73.31,28,57
2026-01-08 10:00:00,B1,HVAC_1,58.01,26,27
2026-01-08 11:00:00,B1,HVAC_1,60.76,27,36
2026-01-08 12:00:00,B1,HVAC_1,73.48,30,108
2026-01-08 13:00:00,B1,HVAC_1,84.85,35,50
2026-01-08 14:00:00,B1,HVAC_1,80.59,26,80
2026-01-08 15:00:00,B1,HVAC_1,81.55,33,109
2026-01-08 16:00:00,B1,HVAC_1,61.97,26,58
2026-01-08 17:00:00,B1,HVAC_1,74.54,25,111
2026-01-08 18:00:00,B1,HVAC_1,125.21,37,77
2026-01-08 19:00:00,B1,HVAC_1,90.94,32,58
2026-01-08 20:00:00,B1,HVAC_1,74.56,24,22
2026-01-08 21:00:00,B1,HVAC_1,89.04,35,44
2026-01-08 22:00:00,B1,HVAC_1,51.12,31,52
2026-01-08 23:00:00,B1,HVAC_1,46.91,28,55
2026-01-09 00:00:00,B1,HVAC_1,42.02,26,38
2026-01-09 01:00:00,B1,HVAC_1,56.09,32,68
2026-01-09 02:00:00,B1,HVAC_1,65.27,37,34
2026-01-09 03:00:00,B1,HVAC_1,39.26,29,22
2026-01-09 04:00:00,B1,HVAC_1,51.68,30,76
2026-01-09 05:00:00,B1,HVAC_1,46.25,31,47
2026-01-09 06:00:00,B1,HVAC_1,44.96,28,27
2026-01-09 07:00:00,B1,HVAC_1,48.55,31,77
2026-01-09 08:00:00,B1,HVAC_1,78.36,35,69
2026-01-09 09:00:00,B1,HVAC_1,68.16,27,83
2026-01-09 10:00:00,B1,HVAC_1,73.54,34,82
2026-01-09 11:00:00,B1,HVAC_1,78.61,27,96
2026-01-09 12:00:00,B1,HVAC_1,78.59,35,48
2026-01-09 13:00:00,B1,HVAC_1,76.74,28,66
2026-01-09 14:00:00,B1,HVAC_1,74.99,32,85
2026-01-09 15:00:00,B1,HVAC_1,75.95,31,52
2026-01-09 16:00:00,B1,HVAC_1,79.1,29,84
2026-01-09 17:00:00,B1,HVAC_1,86.33,34,104
2026-01-09 18:00:00,B1,HVAC_1,122.67,33,82
2026-01-09 19:00:00,B1,HVAC_1,81.32,24,96
2026-01-09 20:00:00,B1,HVAC_1,88.06,24,117
2026-01-09 21:00:00,B1,HVAC_1,101.31,28,121
2026-01-09 22:00:00,B1,HVAC_1,54.98,26,72
2026-01-09 23:00:00,B1,HVAC_1,61.56,33,93
2026-01-10 00:00:00,B1,HVAC_1,27.9,26,36
2026-01-10 01:00:00,B1,HVAC_1,31.05,24,70
2026-01-10 02:00:00,B1,HVAC_1,54.27,36,96
2026-01-10 03:00:00,B1,HVAC_1,38.56,31,51
2026-01-10 04:00:00,B1,HVAC_1,24.26,25,111
2026-01-10 05:00:00,B1,HVAC_1,35.21,26,69
2026-01-10 06:00:00,B1,HVAC_1,59.9,35,84
2026-01-10 07:00:00,B1,HVAC_1,59.58,37,76
2026-01-10 08:00:00,B1,HVAC_1,65.68,24,66
2026-01-10 09:00:00,B1,HVAC_1,75.2,37,85
2026-01-10 10:00:00,B1,HVAC_1,72.47,34,70
2026-01-10 11:00:00,B1,HVAC_1,62.56,25,57
2026-01-10 12:00:00,B1,HVAC_1,71.67,25,117
2026-01-10 13:00:00,B1,HVAC_1,73.76,26,82
2026-01-10 14:00:00,B1,HVAC_1,50.5,25,71
2026-01-10 15:00:00,B1,HVAC_1,79.16,35,49
2026-01-10 16:00:00,B1,HVAC_1,66.23,30,125
2026-01-10 17:00:00,B1,HVAC_1,70.12,31,88
2026-01-10 18:00:00,B1,HVAC_1,78.41,25,25
2026-01-10 19:00:00,B1,HVAC_1,79.65,34,62
2026-01-10 20:00:00,B1,HVAC_1,78.93,34,42
2026-01-10 21:00:00,B1,HVAC_1,65.95,31,23
2026-01-10 22:00:00,B1,HVAC_1,38.49,31,44
2026-01-10 23:00:00,B1,HVAC_1,50.63,36,51
2026-01-11 00:00:00,B1,HVAC_1,34.35,25,80
2026-01-11 01:00:00,B1,HVAC_1,40.39,36,41
2026-01-11 02:00:00,B1,HVAC_1,41.41,28,89
2026-01-11 03:00:00,B1,HVAC_1,39.17,33,65
2026-01-11 04:00:00,B1,HVAC_1,45.02,25,68
2026-01-11 05:00:00,B1,HVAC_1,40.33,32,45
2026-01-11 06:00:00,B1,HVAC_1,39.8,32,66
2026-01-11 07:00:00,B1,HVAC_1,59.37,37,126
2026-01-11 08:00:00,B1,HVAC_1,82.46,36,100
2026-01-11 09:00:00,B1,HVAC_1,63.4,24,118
2026-01-11 10:00:00,B1,HVAC_1,71.11,36,71
2026-01-11 11:00:00,B1,HVAC_1,53.61,29,33
2026-01-11 12:00:00,B1,HVAC_1,63.52,33,47
2026-01-11 13:00:00,B1,HVAC_1,58.99,36,45
2026-01-11 14:00:00,B1,HVAC_1,80.36,37,78
2026-01-11 15:00:00,B1,HVAC_1,70.41,30,129
2026-01-11 16:00:00,B1,HVAC_1,78.21,34,128
2026-01-11 17:00:00,B1,HVAC_1,60.81,26,34
2026-01-11 18:00:00,B1,HVAC_1,112.7,32,120
2026-01-11 19:00:00,B1,HVAC_1,70.64,24,122
2026-01-11 20:00:00,B1,HVAC_1,73.35,29,109
2026-01-11 21:00:00,B1,HVAC_1,89.68,36,103
2026-01-11 22:00:00,B1,HVAC_1,53.17,32,87
2026-01-11 23:00:00,B1,HVAC_1,36.31,25,119
2026-01-12 00:00:00,B1,HVAC_1,58.17,29,53
2026-01-12 01:00:00,B1,HVAC_1,69.25,35,102
2026-01-12 02:00:00,B1,HVAC_1,57.16,33,60
2026-01-12 03:00:00,B1,HVAC_1,45.25,25,78
2026-01-12 04:00:00,B1,HVAC_1,54.04,31,78
2026-01-12 05:00:00,B1,HVAC_1,45.24,24,72
2026-01-12 06:00:00,B1,HVAC_1,43.51,29,40
2026-01-12 07:00:00,B1,HVAC_1,51.22,27,113
2026-01-12 08:00:00,B1,HVAC_1,78.81,34,81
2026-01-12 09:00:00,B1,HVAC_1,67.47,30,28
2026-01-12 10:00:00,B1,HVAC_1,56.79,30,22
2026-01-12 11:00:00,B1,HVAC_1,72.27,27,43
2026-01-12 12:00:00,B1,HVAC_1,81.54,29,85
2026-01-12 13:00:00,B1,HVAC_1,82.48,29,113
2026-01-12 14:00:00,B1,HVAC_1,87.99,31,121
2026-01-12 15:00:00,B1,HVAC_1,75.89,34,27
2026-01-12 16:00:00,B1,HVAC_1,77.95,33,70
2026-01-12 17:00:00,B1,HVAC_1,85.12,33,87
2026-01-12 18:00:00,B1,HVAC_1,103.51,26,103
2026-01-12 19:00:00,B1,HVAC_1,85.39,24,109
2026-01-12 20:00:00,B1,HVAC_1,96.91,37,83
2026-01-12 21:00:00,B1,HVAC_1,82.42,27,96
2026-01-12 22:00:00,B1,HVAC_1,48.36,34,22
2026-01-12 23:00:00,B1,HVAC_1,46.16,33,24
2026-01-13 00:00:00,B1,HVAC_1,42.34,30,29
2026-01-13 01:00:00,B1,HVAC_1,56.2,28,92
2026-01-13 02:00:00,B1,HVAC_1,34.38,24,28
2026-01-13 03:00:00,B1,HVAC_1,61.27,30,54
2026-01-13 04:00:00,B1,HVAC_1,67.35,37,114
2026-01-13 05:00:00,B1,HVAC_1,65.15,35,118
2026-01-13 06:00:00,B1,HVAC_1,41.64,26,20
2026-01-13 07:00:00,B1,HVAC_1,69.75,36,91
2026-01-13 08:00:00,B1,HVAC_1,93.21,34,124
2026-01-13 09:00:00,B1,HVAC_1,79.99,26,104
2026-01-13 10:00:00,B1,HVAC_1,70.47,28,24
2026-01-13 11:00:00,B1,HVAC_1,71.39,37,23
2026-01-13 12:00:00,B1,HVAC_1,96.15,32,128
2026-01-13 13:00:00,B1,HVAC_1,80.02,31,58
2026-01-13 14:00:00,B1,HVAC_1,73.4,31,33
2026-01-13 15:00:00,B1,HVAC_1,69.13,24,42
2026-01-13 16:00:00,B1,HVAC_1,59.35,24,44
2026-01-13 17:00:00,B1,HVAC_1,66.48,25,97
2026-01-13 18:00:00,B1,HVAC_1,118.26,28,123
2026-01-13 19:00:00,B1,HVAC_1,70.9,29,25
2026-01-13 20:00:00,B1,HVAC_1,79.68,26,26
2026-01-13 21:00:00,B1,HVAC_1,82.95,27,34
2026-01-13 22:00:00,B1,HVAC_1,60.83,36,52
2026-01-13 23:00:00,B1,HVAC_1,45.01,27,48
2026-01-14 00:00:00,B1,HVAC_1,45.74,29,76
2026-01-14 01:00:00,B1,HVAC_1,44.71,30,52
2026-01-14 02:00:00,B1,HVAC_1,70.0,37,87
2026-01-14 03:00:00,B1,HVAC_1,61.76,34,93
2026-01-14 04:00:00,B1,HVAC_1,31.13,24,57
2026-01-14 05:00:00,B1,HVAC_1,67.63,36,107
2026-01-14 06:00:00,B1,HVAC_1,64.52,27,75
2026-01-14 07:00:00,B1,HVAC_1,59.01,36,66
2026-01-14 08:00:00,B1,HVAC_1,83.3,27,95
2026-01-14 09:00:00,B1,HVAC_1,88.9,33,62
2026-01-14 10:00:00,B1,HVAC_1,78.11,34,88
2026-01-14 11:00:00,B1,HVAC_1,72.5,30,66
2026-01-14 12:00:00,B1,HVAC_1,83.16,33,65
2026-01-14 13:00:00,B1,HVAC_1,80.41,31,81
2026-01-14 14:00:00,B1,HVAC_1,80.54,25,108
2026-01-14 15:00:00,B1,HVAC_1,80.37,34,95
2026-01-14 16:00:00,B1,HVAC_1,86.84,35,119
2026-01-14 17:00:00,B1,HVAC_1,85.41,32,70
2026-01-14 18:00:00,B1,HVAC_1,117.8,36,97
2026-01-14 19:00:00,B1,HVAC_1,89.32,28,109
2026-01-14 20:00:00,B1,HVAC_1,92.93,37,55
2026-01-14 21:00:00,B1,HVAC_1,87.77,31,34
2026-01-14 22:00:00,B1,HVAC_1,47.71,28,66
2026-01-14 23:00:00,B1,HVAC_1,46.67,27,76
2026-01-15 00:00:00,B1,HVAC_1,40.29,28,45
2026-01-15 01:00:00,B1,HVAC_1,51.48,32,109
2026-01-15 02:00:00,B1,HVAC_1,47.9,34,57
2026-01-15 03:00:00,B1,HVAC_1,45.02,25,110
2026-01-15 04:00:00,B1,HVAC_1,45.46,24,62
2026-01-15 05:00:00,B1,HVAC_1,43.1,27,89
2026-01-15 06:00:00,B1,HVAC_1,112.84,28,107
2026-01-15 07:00:00,B1,HVAC_1,48.46,34,41
2026-01-15 08:00:00,B1,HVAC_1,77.04,33,47
2026-01-15 09:00:00,B1,HVAC_1,66.83,24,103
2026-01-15 10:00:00,B1,HVAC_1,84.14,32,68
2026-01-15 11:00:00,B1,HVAC_1,92.53,36,123
2026-01-15 12:00:00,B1,HVAC_1,68.91,24,90
2026-01-15 13:00:00,B1,HVAC_1,77.25,30,70
2026-01-15 14:00:00,B1,HVAC_1,81.48,34,75
2026-01-15 15:00:00,B1,HVAC_1,84.18,36,68
2026-01-15 16:00:00,B1,HVAC_1,102.85,36,112
2026-01-15 17:00:00,B1,HVAC_1,57.46,25,20
2026-01-15 18:00:00,B1,HVAC_1,131.45,37,66
2026-01-15 19:00:00,B1,HVAC_1,95.5,24,113
2026-01-15 20:00:00,B1,HVAC_1,83.59,29,70
2026-01-15 21:00:00,B1,HVAC_1,92.44,36,74
2026-01-15 22:00:00,B1,HVAC_1,37.26,30,22
2026-01-15 23:00:00,B1,HVAC_1,53.46,37,53
2026-01-16 00:00:00,B1,HVAC_1,69.08,35,116
2026-01-16 01:00:00,B1,HVAC_1,51.56,24,76
2026-01-16 02:00:00,B1,HVAC_1,57.51,30,86
2026-01-16 03:00:00,B1,HVAC_1,56.2,36,91
2026-01-16 04:00:00,B1,HVAC_1,60.3,29,120
2026-01-16 05:00:00,B1,HVAC_1,44.88,31,53
2026-01-16 06:00:00,B1,HVAC_1,53.52,26,115
2026-01-16 07:00:00,B1,HVAC_1,68.61,37,126
2026-01-16 08:00:00,B1,HVAC_1,69.42,27,56
2026-01-16 09:00:00,B1,HVAC_1,70.76,30,67
2026-01-16 10:00:00,B1,HVAC_1,70.72,25,26
2026-01-16 11:00:00,B1,HVAC_1,73.15,28,38
2026-01-16 12:00:00,B1,HVAC_1,70.55,36,38
2026-01-16 13:00:00,B1,HVAC_1,71.82,25,20
2026-01-16 14:00:00,B1,HVAC_1,74.48,28,39
2026-01-16 15:00:00,B1,HVAC_1,74.56,26,106
2026-01-16 16:00:00,B1,HVAC_1,135.26999999999998,30,31
2026-01-16 17:00:00,B1,HVAC_1,83.68,37,28
2026-01-16 18:00:00,B1,HVAC_1,106.86,25,72
2026-01-16 19:00:00,B1,HVAC_1,93.37,29,127
2026-01-16 20:00:00,B1,HVAC_1,92.01,31,100
2026-01-16 21:00:00,B1,HVAC_1,105.82,37,106
2026-01-16 22:00:00,B1,HVAC_1,50.34,24,100
2026-01-16 23:00:00,B1,HVAC_1,46.25,36,44
2026-01-17 00:00:00,B1,HVAC_1,45.65,30,92
2026-01-17 01:00:00,B1,HVAC_1,33.23,27,45
2026-01-17 02:00:00,B1,HVAC_1,39.1,33,48
2026-01-17 03:00:00,B1,HVAC_1,45.26,34,89
2026-01-17 04:00:00,B1,HVAC_1,40.56,25,104
2026-01-17 05:00:00,B1,HVAC_1,37.2,25,36
2026-01-17 06:00:00,B1,HVAC_1,44.25,28,44
2026-01-17 07:00:00,B1,HVAC_1,47.25,28,125
2026-01-17 08:00:00,B1,HVAC_1,65.91,29,104
2026-01-17 09:00:00,B1,HVAC_1,65.1,34,59
2026-01-17 10:00:00,B1,HVAC_1,54.16,25,31
2026-01-17 11:00:00,B1,HVAC_1,80.69,33,64
2026-01-17 12:00:00,B1,HVAC_1,62.57,24,45
2026-01-17 13:00:00,B1,HVAC_1,74.37,37,83
2026-01-17 14:00:00,B1,HVAC_1,59.21,25,73
2026-01-17 15:00:00,B1,HVAC_1,60.14,27,45
2026-01-17 16:00:00,B1,HVAC_1,68.07,36,40
2026-01-17 17:00:00,B1,HVAC_1,70.14,27,78
2026-01-17 18:00:00,B1,HVAC_1,104.7,30,123
2026-01-17 19:00:00,B1,HVAC_1,86.51,31,41
2026-01-17 20:00:00,B1,HVAC_1,77.89,28,75
2026-01-17 21:00:00,B1,HVAC_1,78.2,34,100
2026-01-17 22:00:00,B1,HVAC_1,60.47,37,128
2026-01-17 23:00:00,B1,HVAC_1,33.56,25,92
2026-01-18 00:00:00,B1,HVAC_1,42.08,32,59
2026-01-18 01:00:00,B1,HVAC_1,63.1,34,123
2026-01-18 02:00:00,B1,HVAC_1,44.74,33,44
2026-01-18 03:00:00,B1,HVAC_1,44.84,28,127
2026-01-18 04:00:00,B1,HVAC_1,50.61,35,70
2026-01-18 05:00:00,B1,HVAC_1,36.35,26,120
2026-01-18 06:00:00,B1,HVAC_1,48.33,35,78
2026-01-18 07:00:00,B1,HVAC_1,52.25,35,81
2026-01-18 08:00:00,B1,HVAC_1,76.58,31,102
2026-01-18 09:00:00,B1,HVAC_1,77.09,30,120
2026-01-18 10:00:00,B1,HVAC_1,67.38,29,99
2026-01-18 11:00:00,B1,HVAC_1,66.21,32,31
2026-01-18 12:00:00,B1,HVAC_1,68.27,34,45
2026-01-18 13:00:00,B1,HVAC_1,62.94,33,35
2026-01-18 14:00:00,B1,HVAC_1,62.76,30,36
2026-01-18 15:00:00,B1,HVAC_1,57.12,33,26
2026-01-18 16:00:00,B1,HVAC_1,73.69,37,98
2026-01-18 17:00:00,B1,HVAC_1,74.17,31,78
2026-01-18 18:00:00,B1,HVAC_1,113.45,30,112
2026-01-18 19:00:00,B1,HVAC_1,83.3,30,118
2026-01-18 20:00:00,B1,HVAC_1,64.67,25,78
2026-01-18 21:00:00,B1,HVAC_1,84.11,35,64
2026-01-18 22:00:00,B1,HVAC_1,105.09,25,22
2026-01-18 23:00:00,B1,HVAC_1,53.29,30,106
2026-01-19 00:00:00,B1,HVAC_1,57.76,35,58
2026-01-19 01:00:00,B1,HVAC_1,54.3,36,105
2026-01-19 02:00:00,B1,HVAC_1,52.54,32,32
2026-01-19 03:00:00,B1,HVAC_1,65.07,33,127
2026-01-19 04:00:00,B1,HVAC_1,65.72,37,85
2026-01-19 05:00:00,B1,HVAC_1,45.14,26,58
2026-01-19 06:00:00,B1,HVAC_1,54.01,37,48
2026-01-19 07:00:00,B1,HVAC_1,64.7,28,127
2026-01-19 08:00:00,B1,HVAC_1,71.42,32,35
2026-01-19 09:00:00,B1,HVAC_1,88.72,30,103
2026-01-19 10:00:00,B1,HVAC_1,74.1,28,84
2026-01-19 11:00:00,B1,HVAC_1,80.34,37,49
2026-01-19 12:00:00,B1,HVAC_1,76.39,25,87
2026-01-19 13:00:00,B1,HVAC_1,77.67,24,72
2026-01-19 14:00:00,B1,HVAC_1,79.43,37,98
2026-01-19 15:00:00,B1,HVAC_1,74.21,31,87
2026-01-19 16:00:00,B1,HVAC_1,82.87,35,78
2026-01-19 17:00:00,B1,HVAC_1,75.37,31,82
2026-01-19 18:00:00,B1,HVAC_1,137.0,37,107
2026-01-19 19:00:00,B1,HVAC_1,88.58,32,90
2026-01-19 20:00:00,B1,HVAC_1,81.69,27,23
2026-01-19 21:00:00,B1,HVAC_1,110.66,36,129
2026-01-19 22:00:00,B1,HVAC_1,60.91,33,126
2026-01-19 23:00:00,B1,HVAC_1,34.11,24,22
2026-01-20 00:00:00,B1,HVAC_1,48.53,31,25
2026-01-20 01:00:00,B1,HVAC_1,57.17,30,68
2026-01-20 02:00:00,B1,HVAC_1,64.26,32,118
2026-01-20 03:00:00,B1,HVAC_1,76.82,34,125
2026-01-20 04:00:00,B1,HVAC_1,47.4,26,69
2026-01-20 05:00:00,B1,HVAC_1,43.83,26,51
2026-01-20 06:00:00,B1,HVAC_1,61.24,26,121
2026-01-20 07:00:00,B1,HVAC_1,60.62,32,92
2026-01-20 08:00:00,B1,HVAC_1,66.68,27,33
2026-01-20 09:00:00,B1,HVAC_1,85.73,31,86
2026-01-20 10:00:00,B1,HVAC_1,84.43,34,111
2026-01-20 11:00:00,B1,HVAC_1,74.1,25,95
2026-01-20 12:00:00,B1,HVAC_1,76.33,33,28
2026-01-20 13:00:00,B1,HVAC_1,81.5,34,78
2026-01-20 14:00:00,B1,HVAC_1,74.87,25,107
2026-01-20 15:00:00,B1,HVAC_1,73.86,25,89
2026-01-20 16:00:00,B1,HVAC_1,75.67,28,79
2026-01-20 17:00:00,B1,HVAC_1,77.9,26,77
2026-01-20 18:00:00,B1,HVAC_1,110.17,26,75
2026-01-20 19:00:00,B1,HVAC_1,112.48,36,128
2026-01-20 20:00:00,B1,HVAC_1,78.06,24,25
2026-01-20 21:00:00,B1,HVAC_1,99.72,35,116
2026-01-20 22:00:00,B1,HVAC_1,55.18,34,78
2026-01-20 23:00:00,B1,HVAC_1,59.65,36,108
2026-01-21 00:00:00,B1,HVAC_1,49.34,28,61
2026-01-21 01:00:00,B1,HVAC_1,47.75,35,26
2026-01-21 02:00:00,B1,HVAC_1,57.29,28,126
2026-01-21 03:00:00,B1,HVAC_1,52.93,30,61
2026-01-21 04:00:00,B1,HVAC_1,58.28,33,51
2026-01-21 05:00:00,B1,HVAC_1,48.77,25,119
2026-01-21 06:00:00,B1,HVAC_1,45.5,25,97
2026-01-21 07:00:00,B1,HVAC_1,56.56,25,115
2026-01-21 08:00:00,B1,HVAC_1,86.21,36,65
2026-01-21 09:00:00,B1,HVAC_1,74.84,31,114
2026-01-21 10:00:00,B1,HVAC_1,69.9,25,79
2026-01-21 11:00:00,B1,HVAC_1,76.6,30,93
2026-01-21 12:00:00,B1,HVAC_1,83.89,32,115
2026-01-21 13:00:00,B1,HVAC_1,88.34,37,56
2026-01-21 14:00:00,B1,HVAC_1,80.23,36,41
2026-01-21 15:00:00,B1,HVAC_1,75.09,25,87
2026-01-21 16:00:00,B1,HVAC_1,81.44,34,83
2026-01-21 17:00:00,B1,HVAC_1,83.07,33,84
2026-01-21 18:00:00,B1,HVAC_1,126.25,29,109
2026-01-21 19:00:00,B1,HVAC_1,82.95,27,95
2026-01-21 20:00:00,B1,HVAC_1,91.03,30,48
2026-01-21 21:00:00,B1,HVAC_1,95.17,33,106
2026-01-21 22:00:00,B1,HVAC_1,54.91,33,117
2026-01-21 23:00:00,B1,HVAC_1,35.11,30,34
2026-01-22 00:00:00,B1,HVAC_1,43.09,30,48
2026-01-22 01:00:00,B1,HVAC_1,48.44,25,66
2026-01-22 02:00:00,B1,HVAC_1,58.45,37,103
2026-01-22 03:00:00,B1,HVAC_1,57.21,24,127
2026-01-22 04:00:00,B1,HVAC_1,61.0,31,111
2026-01-22 05:00:00,B1,HVAC_1,51.52,28,78
2026-01-22 06:00:00,B1,HVAC_1,39.43,27,25
2026-01-22 07:00:00,B1,HVAC_1,56.55,34,20
2026-01-22 08:00:00,B1,HVAC_1,74.6,33,57
2026-01-22 09:00:00,B1,HVAC_1,62.05,24,44
2026-01-22 10:00:00,B1,HVAC_1,66.03,31,31
2026-01-22 11:00:00,B1,HVAC_1,97.27,34,91
2026-01-22 12:00:00,B1,HVAC_1,80.96,35,65
2026-01-22 13:00:00,B1,HVAC_1,67.57,25,90
2026-01-22 14:00:00,B1,HVAC_1,78.98,26,112
2026-01-22 15:00:00,B1,HVAC_1,83.05,37,34
2026-01-22 16:00:00,B1,HVAC_1,81.97,32,113
2026-01-22 17:00:00,B1,HVAC_1,83.85,29,67
2026-01-22 18:00:00,B1,HVAC_1,115.89,32,79
2026-01-22 19:00:00,B1,HVAC_1,73.34,28,21
2026-01-22 20:00:00,B1,HVAC_1,88.62,31,91
2026-01-22 21:00:00,B1,HVAC_1,73.75,31,40
2026-01-22 22:00:00,B1,HVAC_1,49.69,25,113
2026-01-22 23:00:00,B1,HVAC_1,35.33,29,51
2026-01-23 00:00:00,B1,HVAC_1,56.69,34,64
2026-01-23 01:00:00,B1,HVAC_1,54.6,26,107
2026-01-23 02:00:00,B1,HVAC_1,49.61,32,36
2026-01-23 03:00:00,B1,HVAC_1,50.99,29,105
2026-01-23 04:00:00,B1,HVAC_1,58.77,35,39
2026-01-23 05:00:00,B1,HVAC_1,49.1,25,116
2026-01-23 06:00:00,B1,HVAC_1,51.16,25,116
2026-01-23 07:00:00,B1,HVAC_1,44.79,24,96
2026-01-23 08:00:00,B1,HVAC_1,64.14,27,45
2026-01-23 09:00:00,B1,HVAC_1,80.94,30,109
2026-01-23 10:00:00,B1,HVAC_1,77.03,37,34
2026-01-23 11:00:00,B1,HVAC_1,75.03,24,123
2026-01-23 12:00:00,B1,HVAC_1,91.86,34,80
2026-01-23 13:00:00,B1,HVAC_1,82.64,31,91
2026-01-23 14:00:00,B1,HVAC_1,73.75,25,111
2026-01-23 15:00:00,B1,HVAC_1,80.15,34,26
2026-01-23 16:00:00,B1,HVAC_1,97.03,34,103
2026-01-23 17:00:00,B1,HVAC_1,77.41,29,45
2026-01-23 18:00:00,B1,HVAC_1,104.09,26,60
2026-01-23 19:00:00,B1,HVAC_1,68.58,25,31
2026-01-23 20:00:00,B1,HVAC_1,75.49,30,31
2026-01-23 21:00:00,B1,HVAC_1,84.15,30,72
2026-01-23 22:00:00,B1,HVAC_1,63.48,30,51
2026-01-23 23:00:00,B1,HVAC_1,49.82,25,102
2026-01-24 00:00:00,B1,HVAC_1,32.56,29,56
2026-01-24 01:00:00,B1,HVAC_1,41.02,26,80
2026-01-24 02:00:00,B1,HVAC_1,54.61,36,73
2026-01-24 03:00:00,B1,HVAC_1,46.05,33,80
2026-01-24 04:00:00,B1,HVAC_1,44.97,31,39
2026-01-24 05:00:00,B1,HVAC_1,49.04,37,39
2026-01-24 06:00:00,B1,HVAC_1,48.21,35,43
2026-01-24 07:00:00,B1,HVAC_1,56.38,32,55
2026-01-24 08:00:00,B1,HVAC_1,82.54,33,117
2026-01-24 09:00:00,B1,HVAC_1,58.06,25,55
2026-01-24 10:00:00,B1,HVAC_1,66.76,29,58
2026-01-24 11:00:00,B1,HVAC_1,51.57,29,31
2026-01-24 12:00:00,B1,HVAC_1,76.63,26,128
2026-01-24 13:00:00,B1,HVAC_1,65.87,24,118
2026-01-24 14:00:00,B1,HVAC_1,71.93,33,27
2026-01-24 15:00:00,B1,HVAC_1,61.35,33,63
2026-01-24 16:00:00,B1,HVAC_1,65.9,37,97
2026-01-24 17:00:00,B1,HVAC_1,75.89,29,128
2026-01-24 18:00:00,B1,HVAC_1,104.55,32,81
2026-01-24 19:00:00,B1,HVAC_1,88.46,37,122
2026-01-24 20:00:00,B1,HVAC_1,78.07,32,103
2026-01-24 21:00:00,B1,HVAC_1,88.6,34,108
2026-01-24 22:00:00,B1,HVAC_1,44.49,32,47
2026-01-24 23:00:00,B1,HVAC_1,26.42,24,59
2026-01-25 00:00:00,B1,HVAC_1,41.22,35,75
2026-01-25 01:00:00,B1,HVAC_1,37.39,34,29
2026-01-25 02:00:00,B1,HVAC_1,28.19,26,33
2026-01-25 03:00:00,B1,HVAC_1,44.19,35,113
2026-01-25 04:00:00,B1,HVAC_1,47.35,32,20
2026-01-25 05:00:00,B1,HVAC_1,33.7,35,20
2026-01-25 06:00:00,B1,HVAC_1,39.37,32,83
2026-01-25 07:00:00,B1,HVAC_1,36.64,34,56
2026-01-25 08:00:00,B1,HVAC_1,73.92,28,95
2026-01-25 09:00:00,B1,HVAC_1,72.8,35,75
2026-01-25 10:00:00,B1,HVAC_1,84.62,35,98
2026-01-25 11:00:00,B1,HVAC_1,78.49,27,97
2026-01-25 12:00:00,B1,HVAC_1,67.44,25,92
2026-01-25 13:00:00,B1,HVAC_1,66.46,36,20
2026-01-25 14:00:00,B1,HVAC_1,67.76,30,54
2026-01-25 15:00:00,B1,HVAC_1,61.0,28,52
2026-01-25 16:00:00,B1,HVAC_1,63.88,24,70
2026-01-25 17:00:00,B1,HVAC_1,68.23,31,62
2026-01-25 18:00:00,B1,HVAC_1,86.94,25,42
2026-01-25 19:00:00,B1,HVAC_1,86.02,37,64
2026-01-25 20:00:00,B1,HVAC_1,77.57,27,99
2026-01-25 21:00:00,B1,HVAC_1,83.4,31,104
2026-01-25 22:00:00,B1,HVAC_1,25.56,24,27
2026-01-25 23:00:00,B1,HVAC_1,36.73,29,66
2026-01-26 00:00:00,B1,HVAC_1,47.45,25,84
2026-01-26 01:00:00,B1,HVAC_1,50.57,24,45
2026-01-26 02:00:00,B1,HVAC_1,49.86,31,66
2026-01-26 03:00:00,B1,HVAC_1,58.74,31,108
2026-01-26 04:00:00,B1,HVAC_1,57.07,37,87
2026-01-26 05:00:00,B1,HVAC_1,63.54,37,72
2026-01-26 06:00:00,B1,HVAC_1,58.71,28,124
2026-01-26 07:00:00,B1,HVAC_1,43.68,25,83
2026-01-26 08:00:00,B1,HVAC_1,76.78,29,82
2026-01-26 09:00:00,B1,HVAC_1,88.64,36,92
2026-01-26 10:00:00,B1,HVAC_1,74.98,28,96
2026-01-26 11:00:00,B1,HVAC_1,76.52,25,121
2026-01-26 12:00:00,B1,HVAC_1,83.08,37,23
2026-01-26 13:00:00,B1,HVAC_1,67.65,25,32
2026-01-26 14:00:00,B1,HVAC_1,81.15,32,42
2026-01-26 15:00:00,B1,HVAC_1,76.84,31,73
2026-01-26 16:00:00,B1,HVAC_1,87.75,30,108
2026-01-26 17:00:00,B1,HVAC_1,75.79,33,90
2026-01-26 18:00:00,B1,HVAC_1,99.34,28,38
2026-01-26 19:00:00,B1,HVAC_1,75.28,24,115
2026-01-26 20:00:00,B1,HVAC_1,85.11,24,54
2026-01-26 21:00:00,B1,HVAC_1,97.4,33,85
2026-01-26 22:00:00,B1,HVAC_1,58.51,37,28
2026-01-26 23:00:00,B1,HVAC_1,46.73,25,89
2026-01-27 00:00:00,B1,HVAC_1,58.02,35,112
2026-01-27 01:00:00,B1,HVAC_1,37.39,25,67
2026-01-27 02:00:00,B1,HVAC_1,64.94,28,98
2026-01-27 03:00:00,B1,HVAC_1,57.98,30,89
2026-01-27 04:00:00,B1,HVAC_1,72.24,37,127
2026-01-27 05:00:00,B1,HVAC_1,149.06,32,55
2026-01-27 06:00:00,B1,HVAC_1,52.53,34,70
2026-01-27 07:00:00,B1,HVAC_1,59.85,36,87
2026-01-27 08:00:00,B1,HVAC_1,76.86,28,71
2026-01-27 09:00:00,B1,HVAC_1,81.13,35,54
2026-01-27 10:00:00,B1,HVAC_1,73.72,31,35
2026-01-27 11:00:00,B1,HVAC_1,67.8,25,68
2026-01-27 12:00:00,B1,HVAC_1,77.11,36,23
2026-01-27 13:00:00,B1,HVAC_1,89.67,30,114
2026-01-27 14:00:00,B1,HVAC_1,83.25,35,93
2026-01-27 15:00:00,B1,HVAC_1,78.92,31,61
2026-01-27 16:00:00,B1,HVAC_1,81.63,36,61
2026-01-27 17:00:00,B1,HVAC_1,72.68,29,26
2026-01-27 18:00:00,B1,HVAC_1,105.19,29,20
2026-01-27 19:00:00,B1,HVAC_1,74.22,34,32
2026-01-27 20:00:00,B1,HVAC_1,82.39,30,41
2026-01-27 21:00:00,B1,HVAC_1,85.35,32,45
2026-01-27 22:00:00,B1,HVAC_1,41.49,32,34
2026-01-27 23:00:00,B1,HVAC_1,66.1,36,61
2026-01-28 00:00:00,B1,HVAC_1,42.43,31,43
2026-01-28 01:00:00,B1,HVAC_1,48.19,28,87
2026-01-28 02:00:00,B1,HVAC_1,39.98,25,43
2026-01-28 03:00:00,B1,HVAC_1,67.04,33,108
2026-01-28 04:00:00,B1,HVAC_1,36.52,25,38
2026-01-28 05:00:00,B1,HVAC_1,58.93,25,88
2026-01-28 06:00:00,B1,HVAC_1,51.1,24,118
2026-01-28 07:00:00,B1,HVAC_1,59.07,28,100
2026-01-28 08:00:00,B1,HVAC_1,69.53,29,67
2026-01-28 09:00:00,B1,HVAC_1,69.95,30,51
2026-01-28 10:00:00,B1,HVAC_1,78.82,34,29
2026-01-28 11:00:00,B1,HVAC_1,68.24,32,44
2026-01-28 12:00:00,B1,HVAC_1,74.52,25,83
2026-01-28 13:00:00,B1,HVAC_1,66.49,26,61
2026-01-28 14:00:00,B1,HVAC_1,78.71,29,58
2026-01-28 15:00:00,B1,HVAC_1,76.15,27,109
2026-01-28 16:00:00,B1,HVAC_1,74.8,29,61
2026-01-28 17:00:00,B1,HVAC_1,82.11,27,123
2026-01-28 18:00:00,B1,HVAC_1,107.84,28,116
2026-01-28 19:00:00,B1,HVAC_1,90.05,24,89
2026-01-28 20:00:00,B1,HVAC_1,96.87,32,122
2026-01-28 21:00:00,B1,HVAC_1,164.0,25,79
2026-01-28 22:00:00,B1,HVAC_1,49.22,28,63
2026-01-28 23:00:00,B1,HVAC_1,45.67,29,91
2026-01-29 00:00:00,B1,HVAC_1,37.93,25,86
2026-01-29 01:00:00,B1,HVAC_1,53.82,26,105
2026-01-29 02:00:00,B1,HVAC_1,51.31,29,21
2026-01-29 03:00:00,B1,HVAC_1,55.55,37,27
2026-01-29 04:00:00,B1,HVAC_1,55.81,29,63
2026-01-29 05:00:00,B1,HVAC_1,59.32,30,99
2026-01-29 06:00:00,B1,HVAC_1,63.0,33,81
2026-01-29 07:00:00,B1,HVAC_1,50.9,35,36
2026-01-29 08:00:00,B1,HVAC_1,73.38,35,27
2026-01-29 09:00:00,B1,HVAC_1,63.76,31,24
2026-01-29 10:00:00,B1,HVAC_1,77.08,27,123
2026-01-29 11:00:00,B1,HVAC_1,84.35,37,40
2026-01-29 12:00:00,B1,HVAC_1,79.82,27,89
2026-01-29 13:00:00,B1,HVAC_1,60.62,24,35
2026-01-29 14:00:00,B1,HVAC_1,79.1,35,57
2026-01-29 15:00:00,B1,HVAC_1,83.91,36,85
2026-01-29 16:00:00,B1,HVAC_1,77.9,32,104
2026-01-29 17:00:00,B1,HVAC_1,69.31,24,94
2026-01-29 18:00:00,B1,HVAC_1,107.82,26,71
2026-01-29 19:00:00,B1,HVAC_1,80.62,25,74
2026-01-29 20:00:00,B1,HVAC_1,84.73,29,54
2026-01-29 21:00:00,B1,HVAC_1,107.01,35,120
2026-01-29 22:00:00,B1,HVAC_1,43.57,27,125
2026-01-29 23:00:00,B1,HVAC_1,55.09,29,101
2026-01-30 00:00:00,B1,HVAC_1,58.17,36,54
2026-01-30 01:00:00,B1,HVAC_1,63.16,37,25
2026-01-30 02:00:00,B1,HVAC_1,53.94,26,99
2026-01-30 03:00:00,B1,HVAC_1,44.09,28,54
2026-01-30 04:00:00,B1,HVAC_1,46.32,25,110
2026-01-30 05:00:00,B1,HVAC_1,59.12,27,101
2026-01-30 06:00:00,B1,HVAC_1,47.59,33,44
2026-01-30 07:00:00,B1,HVAC_1,55.2,24,55
2026-01-30 08:00:00,B1,HVAC_1,93.95,37,84
2026-01-30 09:00:00,B1,HVAC_1,86.64,36,71
2026-01-30 10:00:00,B1,HVAC_1,73.57,26,118
2026-01-30 11:00:00,B1,HVAC_1,79.62,28,117
2026-01-30 12:00:00,B1,HVAC_1,73.48,31,40
2026-01-30 13:00:00,B1,HVAC_1,79.45,35,32
2026-01-30 14:00:00,B1,HVAC_1,75.55,37,39
2026-01-30 15:00:00,B1,HVAC_1,71.73,29,51
2026-01-30 16:00:00,B1,HVAC_1,90.15,36,62
2026-01-30 17:00:00,B1,HVAC_1,74.79,26,50
2026-01-30 18:00:00,B1,HVAC_1,98.73,26,24
2026-01-30 19:00:00,B1,HVAC_1,81.95,25,30
2026-01-30 20:00:00,B1,HVAC_1,74.68,25,50
2026-01-30 21:00:00,B1,HVAC_1,83.4,32,47
2026-01-30 22:00:00,B1,HVAC_1,70.26,37,129
2026-01-30 23:00:00,B1,HVAC_1,61.26,35,116
2026-01-31 00:00:00,B1,HVAC_1,23.18,27,23
2026-01-31 01:00:00,B1,HVAC_1,40.21,27,55
2026-01-31 02:00:00,B1,HVAC_1,40.33,35,57
2026-01-31 03:00:00,B1,HVAC_1,38.66,27,82
2026-01-31 04:00:00,B1,HVAC_1,51.25,37,118
2026-01-31 05:00:00,B1,HVAC_1,43.89,37,90
2026-01-31 06:00:00,B1,HVAC_1,43.19,28,105
2026-01-31 07:00:00,B1,HVAC_1,39.27,29,98
2026-01-31 08:00:00,B1,HVAC_1,52.98,28,29
2026-01-31 09:00:00,B1,HVAC_1,69.1,28,84
2026-01-31 10:00:00,B1,HVAC_1,80.88,36,104
2026-01-31 11:00:00,B1,HVAC_1,74.13,28,101
2026-01-31 12:00:00,B1,HVAC_1,62.59,28,64
2026-01-31 13:00:00,B1,HVAC_1,58.47,24,79
2026-01-31 14:00:00,B1,HVAC_1,64.39,34,82
2026-01-31 15:00:00,B1,HVAC_1,60.33,28,45
2026-01-31 16:00:00,B1,HVAC_1,75.5,37,87
2026-01-31 17:00:00,B1,HVAC_1,71.22,25,123
2026-01-31 18:00:00,B1,HVAC_1,109.86,26,124
2026-01-31 19:00:00,B1,HVAC_1,77.21,33,40
2026-01-31 20:00:00,B1,HVAC_1,76.73,33,32
2026-01-31 21:00:00,B1,HVAC_1,72.68,25,79
2026-01-31 22:00:00,B1,HVAC_1,55.16,36,116
2026-01-31 23:00:00,B1,HVAC_1,48.36,34,53
2026-02-01 00:00:00,B1,HVAC_1,36.35,31,78
2026-02-01 01:00:00,B1,HVAC_1,34.27,24,79
2026-02-01 02:00:00,B1,HVAC_1,46.9,30,107
2026-02-01 03:00:00,B1,HVAC_1,47.9,31,96
2026-02-01 04:00:00,B1,HVAC_1,46.27,31,106
2026-02-01 05:00:00,B1,HVAC_1,50.82,31,118
2026-02-01 06:00:00,B1,HVAC_1,30.86,31,36
2026-02-01 07:00:00,B1,HVAC_1,41.59,34,71
2026-02-01 08:00:00,B1,HVAC_1,52.05,26,26
2026-02-01 09:00:00,B1,HVAC_1,69.17,33,24
2026-02-01 10:00:00,B1,HVAC_1,66.56,28,113
2026-02-01 11:00:00,B1,HVAC_1,76.28,35,100
2026-02-01 12:00:00,B1,HVAC_1,68.54,31,123
2026-02-01 13:00:00,B1,HVAC_1,70.41,25,86
2026-02-01 14:00:00,B1,HVAC_1,63.69,24,55
2026-02-01 15:00:00,B1,HVAC_1,77.38,32,108
2026-02-01 16:00:00,B1,HVAC_1,70.21,33,81
2026-02-01 17:00:00,B1,HVAC_1,60.48,27,31
2026-02-01 18:00:00,B1,HVAC_1,114.07,34,123
2026-02-01 19:00:00,B1,HVAC_1,84.47,35,117
2026-02-01 20:00:00,B1,HVAC_1,77.93,34,29
2026-02-01 21:00:00,B1,HVAC_1,78.75,30,92
2026-02-01 22:00:00,B1,HVAC_1,43.16,32,123
2026-02-01 23:00:00,B1,HVAC_1,29.81,32,41
2026-02-02 00:00:00,B1,HVAC_1,45.8,27,49
2026-02-02 01:00:00,B1,HVAC_1,48.51,26,65
2026-02-02 02:00:00,B1,HVAC_1,44.1,24,40
2026-02-02 03:00:00,B1,HVAC_1,46.78,30,58
2026-02-02 04:00:00,B1,HVAC_1,37.61,24,31
2026-02-02 05:00:00,B1,HVAC_1,55.61,36,40
2026-02-02 06:00:00,B1,HVAC_1,55.31,37,27
2026-02-02 07:00:00,B1,HVAC_1,68.05,30,127
2026-02-02 08:00:00,B1,HVAC_1,82.41,34,105
2026-02-02 09:00:00,B1,HVAC_1,83.75,35,48
2026-02-02 10:00:00,B1,HVAC_1,89.96,36,101
2026-02-02 11:00:00,B1,HVAC_1,65.89,27,46
2026-02-02 12:00:00,B1,HVAC_1,71.12,25,114
2026-02-02 13:00:00,B1,HVAC_1,86.2,35,96
2026-02-02 14:00:00,B1,HVAC_1,78.12,29,62
2026-02-02 15:00:00,B1,HVAC_1,77.76,26,82
2026-02-02 16:00:00,B1,HVAC_1,75.51,29,38
2026-02-02 17:00:00,B1,HVAC_1,68.68,28,27
2026-02-02 18:00:00,B1,HVAC_1,115.1,33,77
2026-02-02 19:00:00,B1,HVAC_1,92.9,33,117
2026-02-02 20:00:00,B1,HVAC_1,105.35,34,108
2026-02-02 21:00:00,B1,HVAC_1,94.47,30,110
2026-02-02 22:00:00,B1,HVAC_1,64.53,34,85
2026-02-02 23:00:00,B1,HVAC_1,42.6,27,55
2026-02-03 00:00:00,B1,HVAC_1,54.63,29,125
2026-02-03 01:00:00,B1,HVAC_1,49.04,25,72
2026-02-03 02:00:00,B1,HVAC_1,44.81,32,39
2026-02-03 03:00:00,B1,HVAC_1,52.16,30,89
2026-02-03 04:00:00,B1,HVAC_1,66.13,31,102
2026-02-03 05:00:00,B1,HVAC_1,57.9,31,118
2026-02-03 06:00:00,B1,HVAC_1,51.03,33,56
2026-02-03 07:00:00,B1,HVAC_1,51.99,36,39
2026-02-03 08:00:00,B1,HVAC_1,83.37,24,90
2026-02-03 09:00:00,B1,HVAC_1,83.72,31,120
2026-02-03 10:00:00,B1,HVAC_1,79.48,33,74
2026-02-03 11:00:00,B1,HVAC_1,75.7,31,53
2026-02-03 12:00:00,B1,HVAC_1,88.02,37,101
2026-02-03 13:00:00,B1,HVAC_1,71.73,26,68
2026-02-03 14:00:00,B1,HVAC_1,88.85,37,102
2026-02-03 15:00:00,B1,HVAC_1,83.68,37,77
2026-02-03 16:00:00,B1,HVAC_1,72.71,29,50
2026-02-03 17:00:00,B1,HVAC_1,97.58,36,119
2026-02-03 18:00:00,B1,HVAC_1,116.11,37,74
2026-02-03 19:00:00,B1,HVAC_1,92.96,27,111
2026-02-03 20:00:00,B1,HVAC_1,85.58,34,66
2026-02-03 21:00:00,B1,HVAC_1,87.52,27,39
2026-02-03 22:00:00,B1,HVAC_1,56.64,34,34
2026-02-03 23:00:00,B1,HVAC_1,62.58,34,122
2026-02-04 00:00:00,B1,HVAC_1,53.48,32,109
2026-02-04 01:00:00,B1,HVAC_1,54.29,36,29
2026-02-04 02:00:00,B1,HVAC_1,35.66,25,22
2026-02-04 03:00:00,B1,HVAC_1,56.86,24,128
2026-02-04 04:00:00,B1,HVAC_1,39.57,26,38
2026-02-04 05:00:00,B1,HVAC_1,41.43,26,88
2026-02-04 06:00:00,B1,HVAC_1,63.22,36,83
2026-02-04 07:00:00,B1,HVAC_1,54.39,33,83
2026-02-04 08:00:00,B1,HVAC_1,81.31,28,119
2026-02-04 09:00:00,B1,HVAC_1,74.11,24,43
2026-02-04 10:00:00,B1,HVAC_1,83.24,32,119
2026-02-04 11:00:00,B1,HVAC_1,93.39,35,127
2026-02-04 12:00:00,B1,HVAC_1,87.23,35,76
2026-02-04 13:00:00,B1,HVAC_1,84.13,27,104
2026-02-04 14:00:00,B1,HVAC_1,80.35,37,43
2026-02-04 15:00:00,B1,HVAC_1,74.88,35,26
2026-02-04 16:00:00,B1,HVAC_1,71.17,26,74
2026-02-04 17:00:00,B1,HVAC_1,83.74,29,114
2026-02-04 18:00:00,B1,HVAC_1,118.17,33,108
2026-02-04 19:00:00,B1,HVAC_1,87.48,27,101
2026-02-04 20:00:00,B1,HVAC_1,99.01,33,126
2026-02-04 21:00:00,B1,HVAC_1,79.64,24,110
2026-02-04 22:00:00,B1,HVAC_1,55.59,30,89
2026-02-04 23:00:00,B1,HVAC_1,47.44,30,40
2026-02-05 00:00:00,B1,HVAC_1,43.54,33,45
2026-02-05 01:00:00,B1,HVAC_1,49.15,32,56
2026-02-05 02:00:00,B1,HVAC_1,54.57,33,40
2026-02-05 03:00:00,B1,HVAC_1,46.73,33,56
2026-02-05 04:00:00,B1,HVAC_1,54.73,31,68
2026-02-05 05:00:00,B1,HVAC_1,58.82,35,80
2026-02-05 06:00:00,B1,HVAC_1,49.07,32,52
2026-02-05 07:00:00,B1,HVAC_1,55.39,33,90
2026-02-05 08:00:00,B1,HVAC_1,67.52,29,52
2026-02-05 09:00:00,B1,HVAC_1,67.36,25,47
2026-02-05 10:00:00,B1,HVAC_1,79.78,33,62
2026-02-05 11:00:00,B1,HVAC_1,74.51,24,117
2026-02-05 12:00:00,B1,HVAC_1,78.79,29,129
2026-02-05 13:00:00,B1,HVAC_1,52.59,28,24
2026-02-05 14:00:00,B1,HVAC_1,68.33,25,41
2026-02-05 15:00:00,B1,HVAC_1,69.77,25,35
2026-02-05 16:00:00,B1,HVAC_1,66.35,26,58
2026-02-05 17:00:00,B1,HVAC_1,76.12,31,57
2026-02-05 18:00:00,B1,HVAC_1,115.46,35,78
2026-02-05 19:00:00,B1,HVAC_1,80.96,24,83
2026-02-05 20:00:00,B1,HVAC_1,79.59,30,40
2026-02-05 21:00:00,B1,HVAC_1,95.38,37,105
2026-02-05 22:00:00,B1,HVAC_1,58.85,31,123
2026-02-05 23:00:00,B1,HVAC_1,54.81,32,59
2026-02-06 00:00:00,B1,HVAC_1,51.34,33,47
2026-02-06 01:00:00,B1,HVAC_1,47.97,31,63
2026-02-06 02:00:00,B1,HVAC_1,38.08,24,61
2026-02-06 03:00:00,B1,HVAC_1,43.67,27,42
2026-02-06 04:00:00,B1,HVAC_1,53.11,32,69
2026-02-06 05:00:00,B1,HVAC_1,46.06,34,31
2026-02-06 06:00:00,B1,HVAC_1,53.25,33,27
2026-02-06 07:00:00,B1,HVAC_1,52.06,27,120
2026-02-06 08:00:00,B1,HVAC_1,75.01,28,91
2026-02-06 09:00:00,B1,HVAC_1,99.26,37,123
2026-02-06 10:00:00,B1,HVAC_1,79.25,25,61
2026-02-06 11:00:00,B1,HVAC_1,54.75,25,26
2026-02-06 12:00:00,B1,HVAC_1,79.07,26,128
2026-02-06 13:00:00,B1,HVAC_1,87.77,31,121
2026-02-06 14:00:00,B1,HVAC_1,72.72,24,111
2026-02-06 15:00:00,B1,HVAC_1,68.67,28,51
2026-02-06 16:00:00,B1,HVAC_1,81.05,35,67
2026-02-06 17:00:00,B1,HVAC_1,78.33,29,129
2026-02-06 18:00:00,B1,HVAC_1,106.46,29,38
2026-02-06 19:00:00,B1,HVAC_1,90.86,37,35
2026-02-06 20:00:00,B1,HVAC_1,75.81,24,82
2026-02-06 21:00:00,B1,HVAC_1,88.99,37,32
2026-02-06 22:00:00,B1,HVAC_1,34.14,25,23
2026-02-06 23:00:00,B1,HVAC_1,47.02,28,44
2026-02-07 00:00:00,B1,HVAC_1,40.98,26,116
2026-02-07 01:00:00,B1,HVAC_1,31.91,26,80
2026-02-07 02:00:00,B1,HVAC_1,56.22,35,112
2026-02-07 03:00:00,B1,HVAC_1,43.92,29,102
2026-02-07 04:00:00,B1,HVAC_1,39.81,35,63
2026-02-07 05:00:00,B1,HVAC_1,55.17,31,117
2026-02-07 06:00:00,B1,HVAC_1,33.45,29,22
2026-02-07 07:00:00,B1,HVAC_1,40.86,28,47
2026-02-07 08:00:00,B1,HVAC_1,72.36,31,109
2026-02-07 09:00:00,B1,HVAC_1,58.52,27,53
2026-02-07 10:00:00,B1,HVAC_1,76.98,32,70
2026-02-07 11:00:00,B1,HVAC_1,63.09,32,42
2026-02-07 12:00:00,B1,HVAC_1,59.68,29,36
2026-02-07 13:00:00,B1,HVAC_1,75.03,34,54
2026-02-07 14:00:00,B1,HVAC_1,61.8,24,103
2026-02-07 15:00:00,B1,HVAC_1,61.54,26,59
2026-02-07 16:00:00,B1,HVAC_1,59.63,31,47
2026-02-07 17:00:00,B1,HVAC_1,57.92,27,20
2026-02-07 18:00:00,B1,HVAC_1,106.98,31,106
2026-02-07 19:00:00,B1,HVAC_1,73.23,33,44
2026-02-07 20:00:00,B1,HVAC_1,75.04,29,34
2026-02-07 21:00:00,B1,HVAC_1,85.67,37,119
2026-02-07 22:00:00,B1,HVAC_1,46.02,35,36
2026-02-07 23:00:00,B1,HVAC_1,56.24,36,98
2026-02-08 00:00:00,B1,HVAC_1,40.5,25,116
2026-02-08 01:00:00,B1,HVAC_1,42.26,37,57
2026-02-08 02:00:00,B1,HVAC_1,52.49,37,119
2026-02-08 03:00:00,B1,HVAC_1,32.03,26,49
2026-02-08 04:00:00,B1,HVAC_1,54.6,37,103
2026-02-08 05:00:00,B1,HVAC_1,44.64,37,45
2026-02-08 06:00:00,B1,HVAC_1,47.64,29,106
2026-02-08 07:00:00,B1,HVAC_1,46.42,37,70
2026-02-08 08:00:00,B1,HVAC_1,64.57,26,61
2026-02-08 09:00:00,B1,HVAC_1,79.18,36,90
2026-02-08 10:00:00,B1,HVAC_1,86.91,37,82
2026-02-08 11:00:00,B1,HVAC_1,68.81,32,38
2026-02-08 12:00:00,B1,HVAC_1,55.45,27,33
2026-02-08 13:00:00,B1,HVAC_1,59.84,27,59
2026-02-08 14:00:00,B1,HVAC_1,56.58,24,49
2026-02-08 15:00:00,B1,HVAC_1,65.7,27,108
2026-02-08 16:00:00,B1,HVAC_1,81.78,37,94
2026-02-08 17:00:00,B1,HVAC_1,81.49,34,87
2026-02-08 18:00:00,B1,HVAC_1,99.26,35,27
2026-02-08 19:00:00,B1,HVAC_1,77.77,29,60
2026-02-08 20:00:00,B1,HVAC_1,84.49,31,74
2026-02-08 21:00:00,B1,HVAC_1,79.62,37,31
2026-02-08 22:00:00,B1,HVAC_1,27.03,26,30
2026-02-08 23:00:00,B1,HVAC_1,45.58,27,120
2026-02-09 00:00:00,B1,HVAC_1,46.98,26,63
2026-02-09 01:00:00,B1,HVAC_1,54.56,24,117
2026-02-09 02:00:00,B1,HVAC_1,62.72,31,115
2026-02-09 03:00:00,B1,HVAC_1,69.89,31,95
2026-02-09 04:00:00,B1,HVAC_1,48.45,29,95
2026-02-09 05:00:00,B1,HVAC_1,42.4,26,45
2026-02-09 06:00:00,B1,HVAC_1,61.36,27,112
2026-02-09 07:00:00,B1,HVAC_1,38.29,26,23
2026-02-09 08:00:00,B1,HVAC_1,145.69,30,90
2026-02-09 09:00:00,B1,HVAC_1,79.09,35,64
2026-02-09 10:00:00,B1,HVAC_1,72.47,26,105
2026-02-09 11:00:00,B1,HVAC_1,77.25,34,74
2026-02-09 12:00:00,B1,HVAC_1,68.28,32,20
2026-02-09 13:00:00,B1,HVAC_1,63.66,29,44
2026-02-09 14:00:00,B1,HVAC_1,65.93,25,36
2026-02-09 15:00:00,B1,HVAC_1,72.5,34,27
2026-02-09 16:00:00,B1,HVAC_1,72.92,26,125
2026-02-09 17:00:00,B1,HVAC_1,70.83,26,67
2026-02-09 18:00:00,B1,HVAC_1,124.06,36,103
2026-02-09 19:00:00,B1,HVAC_1,77.71,29,68
2026-02-09 20:00:00,B1,HVAC_1,98.04,37,81
2026-02-09 21:00:00,B1,HVAC_1,86.59,24,109
2026-02-09 22:00:00,B1,HVAC_1,49.35,30,104
2026-02-09 23:00:00,B1,HVAC_1,61.92,33,126
2026-02-10 00:00:00,B1,HVAC_1,54.5,29,124
2026-02-10 01:00:00,B1,HVAC_1,47.83,32,36
2026-02-10 02:00:00,B1,HVAC_1,48.72,31,40
2026-02-10 03:00:00,B1,HVAC_1,41.29,32,58
2026-02-10 04:00:00,B1,HVAC_1,58.65,36,83
2026-02-10 05:00:00,B1,HVAC_1,39.39,24,59
2026-02-10 06:00:00,B1,HVAC_1,56.86,35,38
2026-02-10 07:00:00,B1,HVAC_1,56.89,28,128
2026-02-10 08:00:00,B1,HVAC_1,88.61,35,80
2026-02-10 09:00:00,B1,HVAC_1,79.94,30,111
2026-02-10 10:00:00,B1,HVAC_1,83.52,33,88
2026-02-10 11:00:00,B1,HVAC_1,62.48,25,37
2026-02-10 12:00:00,B1,HVAC_1,68.89,25,87
2026-02-10 13:00:00,B1,HVAC_1,66.95,25,120
2026-02-10 14:00:00,B1,HVAC_1,72.85,26,47
2026-02-10 15:00:00,B1,HVAC_1,77.67,35,34
2026-02-10 16:00:00,B1,HVAC_1,86.01,32,58
2026-02-10 17:00:00,B1,HVAC_1,77.02,33,85
2026-02-10 18:00:00,B1,HVAC_1,110.58,26,94
2026-02-10 19:00:00,B1,HVAC_1,97.73,26,92
2026-02-10 20:00:00,B1,HVAC_1,89.01,32,58
2026-02-10 21:00:00,B1,HVAC_1,87.13,34,21
2026-02-10 22:00:00,B1,HVAC_1,59.54,36,57
2026-02-10 23:00:00,B1,HVAC_1,59.69,35,54
2026-02-11 00:00:00,B1,HVAC_1,57.47,34,84
2026-02-11 01:00:00,B1,HVAC_1,50.36,28,104
2026-02-11 02:00:00,B1,HVAC_1,58.73,37,68
2026-02-11 03:00:00,B1,HVAC_1,43.32,31,57
2026-02-11 04:00:00,B1,HVAC_1,49.77,35,40
2026-02-11 05:00:00,B1,HVAC_1,54.68,26,64
2026-02-11 06:00:00,B1,HVAC_1,59.8,30,92
2026-02-11 07:00:00,B1,HVAC_1,62.7,35,127
2026-02-11 08:00:00,B1,HVAC_1,69.09,25,51
2026-02-11 09:00:00,B1,HVAC_1,82.0,32,82
2026-02-11 10:00:00,B1,HVAC_1,83.09,30,123
2026-02-11 11:00:00,B1,HVAC_1,79.43,35,52
2026-02-11 12:00:00,B1,HVAC_1,69.57,31,58
2026-02-11 13:00:00,B1,HVAC_1,79.27,30,87
2026-02-11 14:00:00,B1,HVAC_1,75.99,28,75
2026-02-11 15:00:00,B1,HVAC_1,66.07,25,111
2026-02-11 16:00:00,B1,HVAC_1,76.87,26,62
2026-02-11 17:00:00,B1,HVAC_1,78.51,34,68
2026-02-11 18:00:00,B1,HVAC_1,102.89,24,57
2026-02-11 19:00:00,B1,HVAC_1,177.63,27,75
2026-02-11 20:00:00,B1,HVAC_1,109.61,35,121
2026-02-11 21:00:00,B1,HVAC_1,91.24,36,69
2026-02-11 22:00:00,B1,HVAC_1,45.98,28,49
2026-02-11 23:00:00,B1,HVAC_1,53.02,34,64
2026-02-12 00:00:00,B1,HVAC_1,38.66,27,45
2026-02-12 01:00:00,B1,HVAC_1,36.94,25,25
2026-02-12 02:00:00,B1,HVAC_1,45.42,34,34
2026-02-12 03:00:00,B1,HVAC_1,52.82,33,56
2026-02-12 04:00:00,B1,HVAC_1,49.48,33,120
2026-02-12 05:00:00,B1,HVAC_1,42.7,25,92
2026-02-12 06:00:00,B1,HVAC_1,33.3,24,48
2026-02-12 07:00:00,B1,HVAC_1,45.42,29,87
2026-02-12 08:00:00,B1,HVAC_1,85.16,28,56
2026-02-12 09:00:00,B1,HVAC_1,79.92,36,105
2026-02-12 10:00:00,B1,HVAC_1,70.49,28,106
2026-02-12 11:00:00,B1,HVAC_1,80.99,36,70
2026-02-12 12:00:00,B1,HVAC_1,78.89,33,104
2026-02-12 13:00:00,B1,HVAC_1,72.17,35,30
2026-02-12 14:00:00,B1,HVAC_1,83.86,30,87
2026-02-12 15:00:00,B1,HVAC_1,75.78,31,118
2026-02-12 16:00:00,B1,HVAC_1,78.1,36,117
2026-02-12 17:00:00,B1,HVAC_1,75.07,24,118
2026-02-12 18:00:00,B1,HVAC_1,127.65,35,101
2026-02-12 19:00:00,B1,HVAC_1,95.09,33,38
2026-02-12 20:00:00,B1,HVAC_1,89.57,28,122
2026-02-12 21:00:00,B1,HVAC_1,86.27,24,120
2026-02-12 22:00:00,B1,HVAC_1,44.39,27,38
2026-02-12 23:00:00,B1,HVAC_1,34.4,25,30
2026-02-13 00:00:00,B1,HVAC_1,46.67,29,64
2026-02-13 01:00:00,B1,HVAC_1,103.05,29,30
2026-02-13 02:00:00,B1,HVAC_1,58.46,30,111
2026-02-13 03:00:00,B1,HVAC_1,51.18,32,65
2026-02-13 04:00:00,B1,HVAC_1,44.7,33,31
2026-02-13 05:00:00,B1,HVAC_1,54.79,27,115
2026-02-13 06:00:00,B1,HVAC_1,43.66,29,74
2026-02-13 07:00:00,B1,HVAC_1,41.74,24,81
2026-02-13 08:00:00,B1,HVAC_1,74.7,31,42
2026-02-13 09:00:00,B1,HVAC_1,71.3,32,100
2026-02-13 10:00:00,B1,HVAC_1,71.73,26,72
2026-02-13 11:00:00,B1,HVAC_1,72.53,26,66
2026-02-13 12:00:00,B1,HVAC_1,72.13,27,26
2026-02-13 13:00:00,B1,HVAC_1,71.88,31,38
2026-02-13 14:00:00,B1,HVAC_1,80.67,29,86
2026-02-13 15:00:00,B1,HVAC_1,71.7,37,80
2026-02-13 16:00:00,B1,HVAC_1,92.05,30,99
2026-02-13 17:00:00,B1,HVAC_1,80.75,28,99
2026-02-13 18:00:00,B1,HVAC_1,125.82,35,85
2026-02-13 19:00:00,B1,HVAC_1,91.46,37,76
2026-02-13 20:00:00,B1,HVAC_1,100.35,37,66
2026-02-13 21:00:00,B1,HVAC_1,71.2,28,32
2026-02-13 22:00:00,B1,HVAC_1,49.74,31,27
2026-02-13 23:00:00,B1,HVAC_1,47.96,24,55
2026-02-14 00:00:00,B1,HVAC_1,37.84,26,85
2026-02-14 01:00:00,B1,HVAC_1,30.39,25,65
2026-02-14 02:00:00,B1,HVAC_1,39.47,37,23
2026-02-14 03:00:00,B1,HVAC_1,39.13,26,91
2026-02-14 04:00:00,B1,HVAC_1,21.68,26,33
2026-02-14 05:00:00,B1,HVAC_1,38.67,31,36
2026-02-14 06:00:00,B1,HVAC_1,42.25,30,53
2026-02-14 07:00:00,B1,HVAC_1,54.44,35,85
2026-02-14 08:00:00,B1,HVAC_1,58.31,25,109
2026-02-14 09:00:00,B1,HVAC_1,66.14,35,53
2026-02-14 10:00:00,B1,HVAC_1,73.05,30,86
2026-02-14 11:00:00,B1,HVAC_1,80.53,36,122
2026-02-14 12:00:00,B1,HVAC_1,65.48,28,58
2026-02-14 13:00:00,B1,HVAC_1,52.2,28,32
2026-02-14 14:00:00,B1,HVAC_1,66.1,28,38
2026-02-14 15:00:00,B1,HVAC_1,55.76,29,50
2026-02-14 16:00:00,B1,HVAC_1,44.8,24,74
2026-02-14 17:00:00,B1,HVAC_1,78.37,33,119
2026-02-14 18:00:00,B1,HVAC_1,104.2,31,73
2026-02-14 19:00:00,B1,HVAC_1,82.29,37,69
2026-02-14 20:00:00,B1,HVAC_1,93.73,35,129
2026-02-14 21:00:00,B1,HVAC_1,74.68,29,49
2026-02-14 22:00:00,B1,HVAC_1,42.93,27,96
2026-02-14 23:00:00,B1,HVAC_1,46.64,35,50
2026-02-15 00:00:00,B1,HVAC_1,49.03,37,53
2026-02-15 01:00:00,B1,HVAC_1,49.66,34,124
2026-02-15 02:00:00,B1,HVAC_1,44.07,35,68
2026-02-15 03:00:00,B1,HVAC_1,38.43,29,57
2026-02-15 04:00:00,B1,HVAC_1,34.86,24,106
2026-02-15 05:00:00,B1,HVAC_1,55.19,29,88
2026-02-15 06:00:00,B1,HVAC_1,46.16,35,83
2026-02-15 07:00:00,B1,HVAC_1,41.18,24,126
2026-02-15 08:00:00,B1,HVAC_1,53.02,26,28
2026-02-15 09:00:00,B1,HVAC_1,71.92,27,101
2026-02-15 10:00:00,B1,HVAC_1,46.6,26,32
2026-02-15 11:00:00,B1,HVAC_1,65.5,31,95
2026-02-15 12:00:00,B1,HVAC_1,63.29,26,56
2026-02-15 13:00:00,B1,HVAC_1,70.05,32,74
2026-02-15 14:00:00,B1,HVAC_1,72.11,33,66
2026-02-15 15:00:00,B1,HVAC_1,77.12,36,120
2026-02-15 16:00:00,B1,HVAC_1,49.97,24,43
2026-02-15 17:00:00,B1,HVAC_1,74.34,28,103
2026-02-15 18:00:00,B1,HVAC_1,99.31,26,102
2026-02-15 19:00:00,B1,HVAC_1,74.35,28,67
2026-02-15 20:00:00,B1,HVAC_1,72.68,30,47
2026-02-15 21:00:00,B1,HVAC_1,80.11,25,97
2026-02-15 22:00:00,B1,HVAC_1,46.35,26,127
2026-02-15 23:00:00,B1,HVAC_1,28.27,27,50
2026-02-16 00:00:00,B1,HVAC_1,44.92,25,35
2026-02-16 01:00:00,B1,HVAC_1,49.42,29,75
2026-02-16 02:00:00,B1,HVAC_1,60.44,29,116
2026-02-16 03:00:00,B1,HVAC_1,59.93,36,53
2026-02-16 04:00:00,B1,HVAC_1,60.14,32,107
2026-02-16 05:00:00,B1,HVAC_1,49.05,29,73
2026-02-16 06:00:00,B1,HVAC_1,56.66,24,119
2026-02-16 07:00:00,B1,HVAC_1,46.74,29,29
2026-02-16 08:00:00,B1,HVAC_1,74.54,28,63
2026-02-16 09:00:00,B1,HVAC_1,78.43,36,56
2026-02-16 10:00:00,B1,HVAC_1,73.77,29,43
2026-02-16 11:00:00,B1,HVAC_1,82.82,37,29
2026-02-16 12:00:00,B1,HVAC_1,63.5,26,44
2026-02-16 13:00:00,B1,HVAC_1,88.93,35,73
2026-02-16 14:00:00,B1,HVAC_1,71.94,27,43
2026-02-16 15:00:00,B1,HVAC_1,83.29,33,79
2026-02-16 16:00:00,B1,HVAC_1,165.41,33,121
2026-02-16 17:00:00,B1,HVAC_1,85.08,24,123
2026-02-16 18:00:00,B1,HVAC_1,119.71,35,77
2026-02-16 19:00:00,B1,HVAC_1,96.79,33,78
2026-02-16 20:00:00,B1,HVAC_1,101.23,37,124
2026-02-16 21:00:00,B1,HVAC_1,77.33,28,44
2026-02-16 22:00:00,B1,HVAC_1,34.09,24,74
2026-02-16 23:00:00,B1,HVAC_1,55.33,37,31
2026-02-17 00:00:00,B1,HVAC_1,68.79,34,119
2026-02-17 01:00:00,B1,HVAC_1,50.66,26,92
2026-02-17 02:00:00,B1,HVAC_1,53.2,34,27
2026-02-17 03:00:00,B1,HVAC_1,55.18,31,64
2026-02-17 04:00:00,B1,HVAC_1,49.52,29,78
2026-02-17 05:00:00,B1,HVAC_1,49.7,32,48
2026-02-17 06:00:00,B1,HVAC_1,60.91,25,117
2026-02-17 07:00:00,B1,HVAC_1,49.91,30,63
2026-02-17 08:00:00,B1,HVAC_1,75.74,33,23
2026-02-17 09:00:00,B1,HVAC_1,78.41,35,41
2026-02-17 10:00:00,B1,HVAC_1,70.49,32,36
2026-02-17 11:00:00,B1,HVAC_1,78.01,33,76
2026-02-17 12:00:00,B1,HVAC_1,78.17,33,44
2026-02-17 13:00:00,B1,HVAC_1,92.26,34,96
2026-02-17 14:00:00,B1,HVAC_1,70.76,28,91
2026-02-17 15:00:00,B1,HVAC_1,93.99,35,94
2026-02-17 16:00:00,B1,HVAC_1,86.59,34,84
2026-02-17 17:00:00,B1,HVAC_1,76.97,31,73
2026-02-17 18:00:00,B1,HVAC_1,120.05,35,76
2026-02-17 19:00:00,B1,HVAC_1,79.85,25,45
2026-02-17 20:00:00,B1,HVAC_1,64.55,24,24
2026-02-17 21:00:00,B1,HVAC_1,88.07,31,73
2026-02-17 22:00:00,B1,HVAC_1,49.33,24,69
2026-02-17 23:00:00,B1,HVAC_1,50.27,36,40
2026-02-18 00:00:00,B1,HVAC_1,65.87,37,88
2026-02-18 01:00:00,B1,HVAC_1,65.47,37,101
2026-02-18 02:00:00,B1,HVAC_1,62.5,37,93
2026-02-18 03:00:00,B1,HVAC_1,46.58,26,113
2026-02-18 04:00:00,B1,HVAC_1,61.37,29,112
2026-02-18 05:00:00,B1,HVAC_1,54.58,35,52
2026-02-18 06:00:00,B1,HVAC_1,50.14,24,94
2026-02-18 07:00:00,B1,HVAC_1,67.91,35,127
2026-02-18 08:00:00,B1,HVAC_1,74.04,29,60
2026-02-18 09:00:00,B1,HVAC_1,90.46,34,120
2026-02-18 10:00:00,B1,HVAC_1,70.37,32,37
2026-02-18 11:00:00,B1,HVAC_1,80.74,29,101
2026-02-18 12:00:00,B1,HVAC_1,76.09,33,25
2026-02-18 13:00:00,B1,HVAC_1,85.44,34,117
2026-02-18 14:00:00,B1,HVAC_1,80.33,24,126
2026-02-18 15:00:00,B1,HVAC_1,63.44,25,27
2026-02-18 16:00:00,B1,HVAC_1,100.97,36,125
2026-02-18 17:00:00,B1,HVAC_1,86.05,37,84
2026-02-18 18:00:00,B1,HVAC_1,117.31,34,58
2026-02-18 19:00:00,B1,HVAC_1,88.29,35,28
2026-02-18 20:00:00,B1,HVAC_1,84.8,28,93
2026-02-18 21:00:00,B1,HVAC_1,97.5,35,61
2026-02-18 22:00:00,B1,HVAC_1,57.92,34,104
2026-02-18 23:00:00,B1,HVAC_1,40.68,25,74
2026-02-19 00:00:00,B1,HVAC_1,51.48,31,67
2026-02-19 01:00:00,B1,HVAC_1,55.84,32,112
2026-02-19 02:00:00,B1,HVAC_1,51.27,26,127
2026-02-19 03:00:00,B1,HVAC_1,56.04,32,73
2026-02-19 04:00:00,B1,HVAC_1,49.06,31,46
2026-02-19 05:00:00,B1,HVAC_1,63.28,32,112
2026-02-19 06:00:00,B1,HVAC_1,61.0,30,86
2026-02-19 07:00:00,B1,HVAC_1,50.9,26,118
2026-02-19 08:00:00,B1,HVAC_1,67.77,24,122
2026-02-19 09:00:00,B1,HVAC_1,74.64,25,64
2026-02-19 10:00:00,B1,HVAC_1,69.35,27,112
2026-02-19 11:00:00,B1,HVAC_1,79.46,27,84
2026-02-19 12:00:00,B1,HVAC_1,63.07,25,20
2026-02-19 13:00:00,B1,HVAC_1,75.03,34,60
2026-02-19 14:00:00,B1,HVAC_1,69.96,32,24
2026-02-19 15:00:00,B1,HVAC_1,89.68,36,87
2026-02-19 16:00:00,B1,HVAC_1,58.43,28,30
2026-02-19 17:00:00,B1,HVAC_1,87.19,35,45
2026-02-19 18:00:00,B1,HVAC_1,100.81,26,38
2026-02-19 19:00:00,B1,HVAC_1,83.95,30,90
2026-02-19 20:00:00,B1,HVAC_1,95.55,33,59
2026-02-19 21:00:00,B1,HVAC_1,92.08,30,125
2026-02-19 22:00:00,B1,HVAC_1,35.41,27,34
2026-02-19 23:00:00,B1,HVAC_1,52.27,31,60
2026-02-20 00:00:00,B1,HVAC_1,54.96,26,122
2026-02-20 01:00:00,B1,HVAC_1,57.27,34,87
2026-02-20 02:00:00,B1,HVAC_1,49.16,33,34
2026-02-20 03:00:00,B1,HVAC_1,54.27,31,46
2026-02-20 04:00:00,B1,HVAC_1,60.68,31,82
2026-02-20 05:00:00,B1,HVAC_1,43.29,31,43
2026-02-20 06:00:00,B1,HVAC_1,39.16,33,23
2026-02-20 07:00:00,B1,HVAC_1,61.8,30,128
2026-02-20 08:00:00,B1,HVAC_1,82.44,28,114
2026-02-20 09:00:00,B1,HVAC_1,77.81,32,79
2026-02-20 10:00:00,B1,HVAC_1,74.49,29,89
2026-02-20 11:00:00,B1,HVAC_1,83.53,36,103
2026-02-20 12:00:00,B1,HVAC_1,77.23,26,70
2026-02-20 13:00:00,B1,HVAC_1,66.86,27,60
2026-02-20 14:00:00,B1,HVAC_1,59.77,28,32
2026-02-20 15:00:00,B1,HVAC_1,89.01,37,120
2026-02-20 16:00:00,B1,HVAC_1,72.22,32,46
2026-02-20 17:00:00,B1,HVAC_1,78.82,34,66
2026-02-20 18:00:00,B1,HVAC_1,124.95,29,119
2026-02-20 19:00:00,B1,HVAC_1,65.45,24,35
2026-02-20 20:00:00,B1,HVAC_1,88.97,34,50
2026-02-20 21:00:00,B1,HVAC_1,64.55,24,30
2026-02-20 22:00:00,B1,HVAC_1,63.6,33,105
2026-02-20 23:00:00,B1,HVAC_1,36.48,27,44
2026-02-21 00:00:00,B1,HVAC_1,49.08,34,40
2026-02-21 01:00:00,B1,HVAC_1,45.46,32,70
2026-02-21 02:00:00,B1,HVAC_1,47.81,27,100
2026-02-21 03:00:00,B1,HVAC_1,54.13,34,89
2026-02-21 04:00:00,B1,HVAC_1,29.08,24,42
2026-02-21 05:00:00,B1,HVAC_1,49.86,32,112
2026-02-21 06:00:00,B1,HVAC_1,41.41,32,32
2026-02-21 07:00:00,B1,HVAC_1,26.33,28,22
2026-02-21 08:00:00,B1,HVAC_1,64.79,24,82
2026-02-21 09:00:00,B1,HVAC_1,80.01,36,74
2026-02-21 10:00:00,B1,HVAC_1,58.34,24,100
2026-02-21 11:00:00,B1,HVAC_1,56.01,27,37
2026-02-21 12:00:00,B1,HVAC_1,62.1,24,102
2026-02-21 13:00:00,B1,HVAC_1,77.45,37,77
2026-02-21 14:00:00,B1,HVAC_1,54.02,24,33
2026-02-21 15:00:00,B1,HVAC_1,86.82,29,116
2026-02-21 16:00:00,B1,HVAC_1,57.69,24,59
2026-02-21 17:00:00,B1,HVAC_1,72.35,34,99
2026-02-21 18:00:00,B1,HVAC_1,110.71,29,123
2026-02-21 19:00:00,B1,HVAC_1,64.27,26,38
2026-02-21 20:00:00,B1,HVAC_1,84.46,35,99
2026-02-21 21:00:00,B1,HVAC_1,64.84,30,21
2026-02-21 22:00:00,B1,HVAC_1,43.65,31,41
2026-02-21 23:00:00,B1,HVAC_1,48.64,30,97
2026-02-22 00:00:00,B1,HVAC_1,38.37,31,86
2026-02-22 01:00:00,B1,HVAC_1,53.01,31,116
2026-02-22 02:00:00,B1,HVAC_1,23.44,24,31
2026-02-22 03:00:00,B1,HVAC_1,34.94,34,31
2026-02-22 04:00:00,B1,HVAC_1,33.64,24,25
2026-02-22 05:00:00,B1,HVAC_1,48.26,37,88
2026-02-22 06:00:00,B1,HVAC_1,38.13,29,78
2026-02-22 07:00:00,B1,HVAC_1,37.93,32,38
2026-02-22 08:00:00,B1,HVAC_1,68.82,29,88
2026-02-22 09:00:00,B1,HVAC_1,63.15,27,73
2026-02-22 10:00:00,B1,HVAC_1,72.02,30,98
2026-02-22 11:00:00,B1,HVAC_1,69.8,29,112
2026-02-22 12:00:00,B1,HVAC_1,58.23,31,39
2026-02-22 13:00:00,B1,HVAC_1,73.41,33,124
2026-02-22 14:00:00,B1,HVAC_1,62.61,32,27
2026-02-22 15:00:00,B1,HVAC_1,57.76,24,85
2026-02-22 16:00:00,B1,HVAC_1,65.2,29,77
2026-02-22 17:00:00,B1,HVAC_1,64.13,28,101
2026-02-22 18:00:00,B1,HVAC_1,100.82,33,103
2026-02-22 19:00:00,B1,HVAC_1,80.85,35,90
2026-02-22 20:00:00,B1,HVAC_1,73.68,34,22
2026-02-22 21:00:00,B1,HVAC_1,59.2,25,43
2026-02-22 22:00:00,B1,HVAC_1,43.59,33,57
2026-02-22 23:00:00,B1,HVAC_1,49.48,30,110
2026-02-23 00:00:00,B1,HVAC_1,65.77,36,121
2026-02-23 01:00:00,B1,HVAC_1,52.83,27,127
2026-02-23 02:00:00,B1,HVAC_1,52.22,26,103
2026-02-23 03:00:00,B1,HVAC_1,42.17,28,53
2026-02-23 04:00:00,B1,HVAC_1,57.74,29,86
2026-02-23 05:00:00,B1,HVAC_1,50.77,32,116
2026-02-23 06:00:00,B1,HVAC_1,50.16,29,124
2026-02-23 07:00:00,B1,HVAC_1,43.05,25,48
2026-02-23 08:00:00,B1,HVAC_1,74.33,27,84
2026-02-23 09:00:00,B1,HVAC_1,73.27,28,98
2026-02-23 10:00:00,B1,HVAC_1,79.94,34,41
2026-02-23 11:00:00,B1,HVAC_1,87.5,37,44
2026-02-23 12:00:00,B1,HVAC_1,73.34,36,47
2026-02-23 13:00:00,B1,HVAC_1,83.9,30,68
2026-02-23 14:00:00,B1,HVAC_1,80.44,32,55
2026-02-23 15:00:00,B1,HVAC_1,82.15,29,67
2026-02-23 16:00:00,B1,HVAC_1,78.7,29,36
2026-02-23 17:00:00,B1,HVAC_1,68.03,25,54
2026-02-23 18:00:00,B1,HVAC_1,112.34,27,104
2026-02-23 19:00:00,B1,HVAC_1,93.33,27,112
2026-02-23 20:00:00,B1,HVAC_1,95.92,34,92
2026-02-23 21:00:00,B1,HVAC_1,79.93,32,61
2026-02-23 22:00:00,B1,HVAC_1,53.39,25,103
2026-02-23 23:00:00,B1,HVAC_1,39.26,28,42
2026-02-24 00:00:00,B1,HVAC_1,46.93,27,66
2026-02-24 01:00:00,B1,HVAC_1,61.39,37,88
2026-02-24 02:00:00,B1,HVAC_1,54.62,34,67
2026-02-24 03:00:00,B1,HVAC_1,51.39,25,86
2026-02-24 04:00:00,B1,HVAC_1,68.93,37,77
2026-02-24 05:00:00,B1,HVAC_1,67.62,37,67
2026-02-24 06:00:00,B1,HVAC_1,44.0,30,29
2026-02-24 07:00:00,B1,HVAC_1,53.56,27,78
2026-02-24 08:00:00,B1,HVAC_1,84.6,36,65
2026-02-24 09:00:00,B1,HVAC_1,70.06,30,110
2026-02-24 10:00:00,B1,HVAC_1,77.52,37,27
2026-02-24 11:00:00,B1,HVAC_1,69.05,32,25
2026-02-24 12:00:00,B1,HVAC_1,91.27,34,108
2026-02-24 13:00:00,B1,HVAC_1,67.81,24,73
2026-02-24 14:00:00,B1,HVAC_1,72.8,28,28
2026-02-24 15:00:00,B1,HVAC_1,81.46,34,79
2026-02-24 16:00:00,B1,HVAC_1,83.61,29,59
2026-02-24 17:00:00,B1,HVAC_1,74.47,28,98
2026-02-24 18:00:00,B1,HVAC_1,109.8,35,37
2026-02-24 19:00:00,B1,HVAC_1,96.65,34,77
2026-02-24 20:00:00,B1,HVAC_1,92.93,32,96
2026-02-24 21:00:00,B1,HVAC_1,92.5,36,126
2026-02-24 22:00:00,B1,HVAC_1,53.38,29,107
2026-02-24 23:00:00,B1,HVAC_1,45.22,25,20
2026-02-25 00:00:00,B1,HVAC_1,48.56,29,57
2026-02-25 01:00:00,B1,HVAC_1,42.73,24,93
2026-02-25 02:00:00,B1,HVAC_1,57.28,35,40
2026-02-25 03:00:00,B1,HVAC_1,57.49,27,102
2026-02-25 04:00:00,B1,HVAC_1,44.21,26,87
2026-02-25 05:00:00,B1,HVAC_1,48.31,35,46
2026-02-25 06:00:00,B1,HVAC_1,50.23,31,125
2026-02-25 07:00:00,B1,HVAC_1,57.91,33,71
2026-02-25 08:00:00,B1,HVAC_1,71.34,31,44
2026-02-25 09:00:00,B1,HVAC_1,86.1,30,115
2026-02-25 10:00:00,B1,HVAC_1,64.92,28,55
2026-02-25 11:00:00,B1,HVAC_1,85.55,33,58
2026-02-25 12:00:00,B1,HVAC_1,72.03,24,104
2026-02-25 13:00:00,B1,HVAC_1,77.17,32,24
2026-02-25 14:00:00,B1,HVAC_1,86.37,33,106
2026-02-25 15:00:00,B1,HVAC_1,69.37,26,49
2026-02-25 16:00:00,B1,HVAC_1,82.31,32,105
2026-02-25 17:00:00,B1,HVAC_1,61.62,30,32
2026-02-25 18:00:00,B1,HVAC_1,123.67,37,42
2026-02-25 19:00:00,B1,HVAC_1,84.02,28,85
2026-02-25 20:00:00,B1,HVAC_1,73.97,28,25
2026-02-25 21:00:00,B1,HVAC_1,87.42,29,52
2026-02-25 22:00:00,B1,HVAC_1,72.26,37,100
2026-02-25 23:00:00,B1,HVAC_1,47.85,26,97
2026-02-26 00:00:00,B1,HVAC_1,54.54,33,29
2026-02-26 01:00:00,B1,HVAC_1,57.97,25,92
2026-02-26 02:00:00,B1,HVAC_1,47.16,33,47
2026-02-26 03:00:00,B1,HVAC_1,42.95,29,38
2026-02-26 04:00:00,B1,HVAC_1,47.14,29,34
2026-02-26 05:00:00,B1,HVAC_1,57.78,34,28
2026-02-26 06:00:00,B1,HVAC_1,47.86,24,81
2026-02-26 07:00:00,B1,HVAC_1,56.06,31,66
2026-02-26 08:00:00,B1,HVAC_1,79.11,33,84
2026-02-26 09:00:00,B1,HVAC_1,70.89,36,20
2026-02-26 10:00:00,B1,HVAC_1,71.73,25,112
2026-02-26 11:00:00,B1,HVAC_1,71.68,24,83
2026-02-26 12:00:00,B1,HVAC_1,82.17,36,48
2026-02-26 13:00:00,B1,HVAC_1,72.08,24,90
2026-02-26 14:00:00,B1,HVAC_1,90.15,36,88
2026-02-26 15:00:00,B1,HVAC_1,85.34,33,68
2026-02-26 16:00:00,B1,HVAC_1,79.49,30,72
2026-02-26 17:00:00,B1,HVAC_1,84.07,34,44
2026-02-26 18:00:00,B1,HVAC_1,119.24,34,22
2026-02-26 19:00:00,B1,HVAC_1,89.64,33,35
2026-02-26 20:00:00,B1,HVAC_1,90.75,32,73
2026-02-26 21:00:00,B1,HVAC_1,94.39,24,112
2026-02-26 22:00:00,B1,HVAC_1,58.88,32,105
2026-02-26 23:00:00,B1,HVAC_1,60.92,26,124
2026-02-27 00:00:00,B1,HVAC_1,62.21,30,97
2026-02-27 01:00:00,B1,HVAC_1,53.22,32,64
2026-02-27 02:00:00,B1,HVAC_1,39.78,26,30
2026-02-27 03:00:00,B1,HVAC_1,44.26,31,37
2026-02-27 04:00:00,B1,HVAC_1,39.56,26,67
2026-02-27 05:00:00,B1,HVAC_1,50.01,31,55
2026-02-27 06:00:00,B1,HVAC_1,58.22,35,76
2026-02-27 07:00:00,B1,HVAC_1,59.58,36,64
2026-02-27 08:00:00,B1,HVAC_1,79.16,29,98
2026-02-27 09:00:00,B1,HVAC_1,69.29,26,73
2026-02-27 10:00:00,B1,HVAC_1,94.58,37,83
2026-02-27 11:00:00,B1,HVAC_1,78.31,27,79
2026-02-27 12:00:00,B1,HVAC_1,82.95,27,94
2026-02-27 13:00:00,B1,HVAC_1,82.99,34,49
2026-02-27 14:00:00,B1,HVAC_1,72.91,34,21
2026-02-27 15:00:00,B1,HVAC_1,90.05,35,50
2026-02-27 16:00:00,B1,HVAC_1,90.89,35,117
2026-02-27 17:00:00,B1,HVAC_1,84.22,32,55
2026-02-27 18:00:00,B1,HVAC_1,122.98,31,92
2026-02-27 19:00:00,B1,HVAC_1,97.42,36,81
2026-02-27 20:00:00,B1,HVAC_1,87.53,30,115
2026-02-27 21:00:00,B1,HVAC_1,89.19,28,102
2026-02-27 22:00:00,B1,HVAC_1,62.09,35,48
2026-02-27 23:00:00,B1,HVAC_1,45.24,35,25
2026-02-28 00:00:00,B1,HVAC_1,50.74,36,77
2026-02-28 01:00:00,B1,HVAC_1,33.76,26,40
2026-02-28 02:00:00,B1,HVAC_1,43.54,33,55
2026-02-28 03:00:00,B1,HVAC_1,54.36,37,61
2026-02-28 04:00:00,B1,HVAC_1,54.35,35,61
2026-02-28 05:00:00,B1,HVAC_1,47.37,31,123
2026-02-28 06:00:00,B1,HVAC_1,43.41,34,76
2026-02-28 07:00:00,B1,HVAC_1,52.91,37,113
2026-02-28 08:00:00,B1,HVAC_1,59.49,35,29
2026-02-28 09:00:00,B1,HVAC_1,65.31,24,109
2026-02-28 10:00:00,B1,HVAC_1,66.13,25,69
2026-02-28 11:00:00,B1,HVAC_1,60.05,25,81
2026-02-28 12:00:00,B1,HVAC_1,55.49,24,81
2026-02-28 13:00:00,B1,HVAC_1,72.15,29,86
2026-02-28 14:00:00,B1,HVAC_1,70.52,37,80
2026-02-28 15:00:00,B1,HVAC_1,63.52,35,40
2026-02-28 16:00:00,B1,HVAC_1,81.27,33,129
2026-02-28 17:00:00,B1,HVAC_1,61.91,29,93
2026-02-28 18:00:00,B1,HVAC_1,104.56,30,72
2026-02-28 19:00:00,B1,HVAC_1,82.48,30,89
2026-02-28 20:00:00,B1,HVAC_1,86.35,31,103
2026-02-28 21:00:00,B1,HVAC_1,69.93,24,47
2026-02-28 22:00:00,B1,HVAC_1,26.7,31,20
2026-02-28 23:00:00,B1,HVAC_1,42.9,36,40
2026-03-01 00:00:00,B1,HVAC_1,38.21,26,98
2026-03-01 01:00:00,B1,HVAC_1,35.38,25,67
2026-03-01 02:00:00,B1,HVAC_1,49.35,29,108
2026-03-01 03:00:00,B1,HVAC_1,45.14,31,96
2026-03-01 04:00:00,B1,HVAC_1,33.0,29,37
2026-03-01 05:00:00,B1,HVAC_1,41.57,29,57
2026-03-01 06:00:00,B1,HVAC_1,44.66,34,39
2026-03-01 07:00:00,B1,HVAC_1,50.61,26,128
2026-03-01 08:00:00,B1,HVAC_1,60.11,34,54
2026-03-01 09:00:00,B1,HVAC_1,74.49,36,54
2026-03-01 10:00:00,B1,HVAC_1,72.57,27,94
2026-03-01 11:00:00,B1,HVAC_1,65.16,34,49
2026-03-01 12:00:00,B1,HVAC_1,66.89,35,67
2026-03-01 13:00:00,B1,HVAC_1,76.27,30,98
2026-03-01 14:00:00,B1,HVAC_1,82.41,34,77
2026-03-01 15:00:00,B1,HVAC_1,63.07,28,29
2026-03-01 16:00:00,B1,HVAC_1,58.77,26,44
2026-03-01 17:00:00,B1,HVAC_1,57.49,26,62
2026-03-01 18:00:00,B1,HVAC_1,100.12,25,93
2026-03-01 19:00:00,B1,HVAC_1,71.74,26,106
2026-03-01 20:00:00,B1,HVAC_1,70.67,31,30
2026-03-01 21:00:00,B1,HVAC_1,78.7,28,82
2026-03-01 22:00:00,B1,HVAC_1,44.99,34,24
2026-03-01 23:00:00,B1,HVAC_1,38.7,27,57
2026-03-02 00:00:00,B1,HVAC_1,48.02,32,33
2026-03-02 01:00:00,B1,HVAC_1,38.63,25,46
2026-03-02 02:00:00,B1,HVAC_1,54.74,30,73
2026-03-02 03:00:00,B1,HVAC_1,47.25,28,63
2026-03-02 04:00:00,B1,HVAC_1,60.06,28,106
2026-03-02 05:00:00,B1,HVAC_1,59.74,32,73
2026-03-02 06:00:00,B1,HVAC_1,52.77,33,41
2026-03-02 07:00:00,B1,HVAC_1,44.89,27,84
2026-03-02 08:00:00,B1,HVAC_1,81.92,31,95
2026-03-02 09:00:00,B1,HVAC_1,72.93,24,112
2026-03-02 10:00:00,B1,HVAC_1,80.2,37,33
2026-03-02 11:00:00,B1,HVAC_1,68.5,24,78
2026-03-02 12:00:00,B1,HVAC_1,87.57,34,98
2026-03-02 13:00:00,B1,HVAC_1,85.27,37,57
2026-03-02 14:00:00,B1,HVAC_1,55.6,26,47
2026-03-02 15:00:00,B1,HVAC_1,84.47,36,85
2026-03-02 16:00:00,B1,HVAC_1,75.73,28,68
2026-03-02 17:00:00,B1,HVAC_1,82.68,33,94
2026-03-02 18:00:00,B1,HVAC_1,118.92,31,127
2026-03-02 19:00:00,B1,HVAC_1,83.65,31,48
2026-03-02 20:00:00,B1,HVAC_1,94.53,31,109
2026-03-02 21:00:00,B1,HVAC_1,79.71,27,74
2026-03-02 22:00:00,B1,HVAC_1,61.76,37,81
2026-03-02 23:00:00,B1,HVAC_1,69.86,34,75
2026-03-03 00:00:00,B1,HVAC_1,57.84,34,72
2026-03-03 01:00:00,B1,HVAC_1,52.47,32,54
2026-03-03 02:00:00,B1,HVAC_1,55.09,26,103
2026-03-03 03:00:00,B1,HVAC_1,47.29,30,76
2026-03-03 04:00:00,B1,HVAC_1,54.32,31,98
2026-03-03 05:00:00,B1,HVAC_1,44.67,30,31
2026-03-03 06:00:00,B1,HVAC_1,38.17,24,36
2026-03-03 07:00:00,B1,HVAC_1,44.77,25,90
2026-03-03 08:00:00,B1,HVAC_1,82.67,35,77
2026-03-03 09:00:00,B1,HVAC_1,73.11,29,107
2026-03-03 10:00:00,B1,HVAC_1,75.97,33,51
2026-03-03 11:00:00,B1,HVAC_1,68.39,26,56
2026-03-03 12:00:00,B1,HVAC_1,81.19,37,59
2026-03-03 13:00:00,B1,HVAC_1,81.58,31,112
2026-03-03 14:00:00,B1,HVAC_1,83.74,37,75
2026-03-03 15:00:00,B1,HVAC_1,64.15,24,55
2026-03-03 16:00:00,B1,HVAC_1,76.1,36,32
2026-03-03 17:00:00,B1,HVAC_1,82.51,29,107
2026-03-03 18:00:00,B1,HVAC_1,122.36,31,106
2026-03-03 19:00:00,B1,HVAC_1,105.1,37,88
2026-03-03 20:00:00,B1,HVAC_1,73.32,29,29
2026-03-03 21:00:00,B1,HVAC_1,80.74,26,63
2026-03-03 22:00:00,B1,HVAC_1,58.35,35,81
2026-03-03 23:00:00,B1,HVAC_1,61.18,33,76
2026-03-04 00:00:00,B1,HVAC_1,55.43,30,125
2026-03-04 01:00:00,B1,HVAC_1,37.68,29,32
2026-03-04 02:00:00,B1,HVAC_1,54.54,32,67
2026-03-04 03:00:00,B1,HVAC_1,39.0,24,34
2026-03-04 04:00:00,B1,HVAC_1,57.28,33,34
2026-03-04 05:00:00,B1,HVAC_1,49.84,31,39
2026-03-04 06:00:00,B1,HVAC_1,48.38,33,110
2026-03-04 07:00:00,B1,HVAC_1,65.64,32,82
2026-03-04 08:00:00,B1,HVAC_1,86.9,35,63
2026-03-04 09:00:00,B1,HVAC_1,92.55,32,118
2026-03-04 10:00:00,B1,HVAC_1,62.62,25,35
2026-03-04 11:00:00,B1,HVAC_1,75.83,32,115
2026-03-04 12:00:00,B1,HVAC_1,94.16,37,123
2026-03-04 13:00:00,B1,HVAC_1,73.97,32,79
2026-03-04 14:00:00,B1,HVAC_1,68.38,33,33
2026-03-04 15:00:00,B1,HVAC_1,82.95,30,91
2026-03-04 16:00:00,B1,HVAC_1,78.34,32,96
2026-03-04 17:00:00,B1,HVAC_1,83.46,29,111
2026-03-04 18:00:00,B1,HVAC_1,115.4,28,113
2026-03-04 19:00:00,B1,HVAC_1,151.22,29,117
2026-03-04 20:00:00,B1,HVAC_1,86.53,29,115
2026-03-04 21:00:00,B1,HVAC_1,93.15,37,51
2026-03-04 22:00:00,B1,HVAC_1,36.96,26,29
2026-03-04 23:00:00,B1,HVAC_1,44.35,24,78
2026-03-05 00:00:00,B1,HVAC_1,64.0,36,88
2026-03-05 01:00:00,B1,HVAC_1,46.01,32,50
2026-03-05 02:00:00,B1,HVAC_1,63.2,37,104
2026-03-05 03:00:00,B1,HVAC_1,45.94,29,23
2026-03-05 04:00:00,B1,HVAC_1,59.28,36,64
2026-03-05 05:00:00,B1,HVAC_1,53.68,27,96
2026-03-05 06:00:00,B1,HVAC_1,46.68,24,73
2026-03-05 07:00:00,B1,HVAC_1,45.27,36,36
2026-03-05 08:00:00,B1,HVAC_1,79.46,31,77
2026-03-05 09:00:00,B1,HVAC_1,90.02,34,109
2026-03-05 10:00:00,B1,HVAC_1,64.41,34,32
2026-03-05 11:00:00,B1,HVAC_1,69.8,32,80
2026-03-05 12:00:00,B1,HVAC_1,69.55,30,21
2026-03-05 13:00:00,B1,HVAC_1,100.76,37,122
2026-03-05 14:00:00,B1,HVAC_1,97.76,36,115
2026-03-05 15:00:00,B1,HVAC_1,60.44,25,32
2026-03-05 16:00:00,B1,HVAC_1,80.31,34,104
2026-03-05 17:00:00,B1,HVAC_1,82.32,32,71
2026-03-05 18:00:00,B1,HVAC_1,120.4,33,127
2026-03-05 19:00:00,B1,HVAC_1,79.76,27,49
2026-03-05 20:00:00,B1,HVAC_1,86.2,24,76
2026-03-05 21:00:00,B1,HVAC_1,77.16,24,63
2026-03-05 22:00:00,B1,HVAC_1,42.53,26,94
2026-03-05 23:00:00,B1,HVAC_1,62.89,35,116
2026-03-06 00:00:00,B1,HVAC_1,63.87,36,97
2026-03-06 01:00:00,B1,HVAC_1,66.68,34,123
2026-03-06 02:00:00,B1,HVAC_1,57.25,33,81
2026-03-06 03:00:00,B1,HVAC_1,47.98,24,116
2026-03-06 04:00:00,B1,HVAC_1,62.41,33,112
2026-03-06 05:00:00,B1,HVAC_1,47.02,31,25
2026-03-06 06:00:00,B1,HVAC_1,55.76,29,69
2026-03-06 07:00:00,B1,HVAC_1,43.06,26,73
2026-03-06 08:00:00,B1,HVAC_1,82.72,31,124
2026-03-06 09:00:00,B1,HVAC_1,69.19,31,68
2026-03-06 10:00:00,B1,HVAC_1,78.88,28,85
2026-03-06 11:00:00,B1,HVAC_1,78.38,35,36
2026-03-06 12:00:00,B1,HVAC_1,67.46,29,38
2026-03-06 13:00:00,B1,HVAC_1,68.62,29,56
2026-03-06 14:00:00,B1,HVAC_1,77.64,26,87
2026-03-06 15:00:00,B1,HVAC_1,72.72,27,77
2026-03-06 16:00:00,B1,HVAC_1,86.2,36,71
2026-03-06 17:00:00,B1,HVAC_1,83.99,27,79
2026-03-06 18:00:00,B1,HVAC_1,119.26,37,102
2026-03-06 19:00:00,B1,HVAC_1,82.05,31,75
2026-03-06 20:00:00,B1,HVAC_1,83.75,34,47
2026-03-06 21:00:00,B1,HVAC_1,88.34,31,116
2026-03-06 22:00:00,B1,HVAC_1,60.27,35,91
2026-03-06 23:00:00,B1,HVAC_1,62.36,29,127
2026-03-07 00:00:00,B1,HVAC_1,43.99,34,28
2026-03-07 01:00:00,B1,HVAC_1,32.22,31,33
2026-03-07 02:00:00,B1,HVAC_1,46.12,36,44
2026-03-07 03:00:00,B1,HVAC_1,40.18,31,29
2026-03-07 04:00:00,B1,HVAC_1,35.85,26,86
2026-03-07 05:00:00,B1,HVAC_1,48.92,34,99
2026-03-07 06:00:00,B1,HVAC_1,34.43,24,34
2026-03-07 07:00:00,B1,HVAC_1,43.18,35,45
2026-03-07 08:00:00,B1,HVAC_1,64.55,25,106
2026-03-07 09:00:00,B1,HVAC_1,61.97,30,20
2026-03-07 10:00:00,B1,HVAC_1,71.74,29,108
2026-03-07 11:00:00,B1,HVAC_1,70.18,28,108
2026-03-07 12:00:00,B1,HVAC_1,60.52,27,68
2026-03-07 13:00:00,B1,HVAC_1,82.65,36,116
2026-03-07 14:00:00,B1,HVAC_1,62.55,27,57
2026-03-07 15:00:00,B1,HVAC_1,75.7,37,71
2026-03-07 16:00:00,B1,HVAC_1,75.56,37,44
2026-03-07 17:00:00,B1,HVAC_1,72.43,35,66
2026-03-07 18:00:00,B1,HVAC_1,99.49,30,87
2026-03-07 19:00:00,B1,HVAC_1,77.89,26,105
2026-03-07 20:00:00,B1,HVAC_1,69.79,31,42
2026-03-07 21:00:00,B1,HVAC_1,169.1,33,108
2026-03-07 22:00:00,B1,HVAC_1,43.38,27,91
2026-03-07 23:00:00,B1,HVAC_1,50.33,28,128
2026-03-08 00:00:00,B1,HVAC_1,36.04,28,74
2026-03-08 01:00:00,B1,HVAC_1,45.36,29,112
2026-03-08 02:00:00,B1,HVAC_1,43.35,28,92
2026-03-08 03:00:00,B1,HVAC_1,45.38,31,79
2026-03-08 04:00:00,B1,HVAC_1,31.73,26,49
2026-03-08 05:00:00,B1,HVAC_1,49.74,30,109
2026-03-08 06:00:00,B1,HVAC_1,53.52,36,91
2026-03-08 07:00:00,B1,HVAC_1,45.67,29,111
2026-03-08 08:00:00,B1,HVAC_1,67.01,33,113
2026-03-08 09:00:00,B1,HVAC_1,59.2,30,50
2026-03-08 10:00:00,B1,HVAC_1,66.53,27,108
2026-03-08 11:00:00,B1,HVAC_1,84.64,31,120
2026-03-08 12:00:00,B1,HVAC_1,63.48,24,84
2026-03-08 13:00:00,B1,HVAC_1,61.61,33,40
2026-03-08 14:00:00,B1,HVAC_1,44.13,24,41
2026-03-08 15:00:00,B1,HVAC_1,67.71,31,81
2026-03-08 16:00:00,B1,HVAC_1,48.28,24,36
2026-03-08 17:00:00,B1,HVAC_1,70.79,29,100
2026-03-08 18:00:00,B1,HVAC_1,106.74,37,64
2026-03-08 19:00:00,B1,HVAC_1,81.96,31,80
2026-03-08 20:00:00,B1,HVAC_1,68.13,29,46
2026-03-08 21:00:00,B1,HVAC_1,79.78,31,54
2026-03-08 22:00:00,B1,HVAC_1,38.08,35,25
2026-03-08 23:00:00,B1,HVAC_1,48.33,30,108
2026-03-09 00:00:00,B1,HVAC_1,40.87,25,45
2026-03-09 01:00:00,B1,HVAC_1,55.19,29,89
2026-03-09 02:00:00,B1,HVAC_1,50.57,34,83
2026-03-09 03:00:00,B1,HVAC_1,53.8,32,33
2026-03-09 04:00:00,B1,HVAC_1,50.6,37,32
2026-03-09 05:00:00,B1,HVAC_1,44.69,26,82
2026-03-09 06:00:00,B1,HVAC_1,70.01,34,127
2026-03-09 07:00:00,B1,HVAC_1,61.98,27,119
2026-03-09 08:00:00,B1,HVAC_1,65.67,26,51
2026-03-09 09:00:00,B1,HVAC_1,75.61,30,126
2026-03-09 10:00:00,B1,HVAC_1,80.58,25,84
2026-03-09 11:00:00,B1,HVAC_1,74.57,29,77
2026-03-09 12:00:00,B1,HVAC_1,81.97,37,56
2026-03-09 13:00:00,B1,HVAC_1,67.85,27,59
2026-03-09 14:00:00,B1,HVAC_1,79.65,34,99
2026-03-09 15:00:00,B1,HVAC_1,84.49,36,85
2026-03-09 16:00:00,B1,HVAC_1,74.02,26,27
2026-03-09 17:00:00,B1,HVAC_1,86.79,32,122
2026-03-09 18:00:00,B1,HVAC_1,122.08,36,85
2026-03-09 19:00:00,B1,HVAC_1,96.71,32,99
2026-03-09 20:00:00,B1,HVAC_1,79.56,26,49
2026-03-09 21:00:00,B1,HVAC_1,98.56,28,112
2026-03-09 22:00:00,B1,HVAC_1,57.59,30,79
2026-03-09 23:00:00,B1,HVAC_1,53.52,30,88
2026-03-10 00:00:00,B1,HVAC_1,105.42,37,25
2026-03-10 01:00:00,B1,HVAC_1,45.59,29,51
2026-03-10 02:00:00,B1,HVAC_1,51.68,33,37
2026-03-10 03:00:00,B1,HVAC_1,53.34,32,120
2026-03-10 04:00:00,B1,HVAC_1,61.74,33,103
2026-03-10 05:00:00,B1,HVAC_1,53.7,26,125
2026-03-10 06:00:00,B1,HVAC_1,62.64,34,62
2026-03-10 07:00:00,B1,HVAC_1,42.79,28,51
2026-03-10 08:00:00,B1,HVAC_1,72.79,29,89
2026-03-10 09:00:00,B1,HVAC_1,68.43,29,30
2026-03-10 10:00:00,B1,HVAC_1,92.32,36,125
2026-03-10 11:00:00,B1,HVAC_1,69.27,30,33
2026-03-10 12:00:00,B1,HVAC_1,66.57,24,37
2026-03-10 13:00:00,B1,HVAC_1,67.74,28,66
2026-03-10 14:00:00,B1,HVAC_1,72.49,27,106
2026-03-10 15:00:00,B1,HVAC_1,78.38,36,44
2026-03-10 16:00:00,B1,HVAC_1,88.86,33,97
2026-03-10 17:00:00,B1,HVAC_1,88.95,37,60
2026-03-10 18:00:00,B1,HVAC_1,115.65,32,97
2026-03-10 19:00:00,B1,HVAC_1,92.54,33,118
2026-03-10 20:00:00,B1,HVAC_1,79.91,34,30
2026-03-10 21:00:00,B1,HVAC_1,92.38,37,83
2026-03-10 22:00:00,B1,HVAC_1,47.31,25,95
2026-03-10 23:00:00,B1,HVAC_1,34.81,26,37
2026-03-11 00:00:00,B1,HVAC_1,46.99,26,78
2026-03-11 01:00:00,B1,HVAC_1,66.06,35,126
2026-03-11 02:00:00,B1,HVAC_1,63.64,33,95
2026-03-11 03:00:00,B1,HVAC_1,33.12,29,21
2026-03-11 04:00:00,B1,HVAC_1,68.45,33,78
2026-03-11 05:00:00,B1,HVAC_1,52.6,31,26
2026-03-11 06:00:00,B1,HVAC_1,44.94,30,65
2026-03-11 07:00:00,B1,HVAC_1,61.66,36,100
2026-03-11 08:00:00,B1,HVAC_1,74.9,31,55
2026-03-11 09:00:00,B1,HVAC_1,78.62,36,66
2026-03-11 10:00:00,B1,HVAC_1,75.47,35,120
2026-03-11 11:00:00,B1,HVAC_1,64.43,26,34
2026-03-11 12:00:00,B1,HVAC_1,66.11,27,66
2026-03-11 13:00:00,B1,HVAC_1,76.15,33,40
2026-03-11 14:00:00,B1,HVAC_1,71.0,28,46
2026-03-11 15:00:00,B1,HVAC_1,86.08,32,89
2026-03-11 16:00:00,B1,HVAC_1,74.04,27,21
2026-03-11 17:00:00,B1,HVAC_1,70.22,28,73
2026-03-11 18:00:00,B1,HVAC_1,112.59,27,49
2026-03-11 19:00:00,B1,HVAC_1,88.2,36,62
2026-03-11 20:00:00,B1,HVAC_1,94.73,37,112
2026-03-11 21:00:00,B1,HVAC_1,80.03,27,92
2026-03-11 22:00:00,B1,HVAC_1,51.01,30,38
2026-03-11 23:00:00,B1,HVAC_1,50.95,32,39
2026-03-12 00:00:00,B1,HVAC_1,49.17,32,51
2026-03-12 01:00:00,B1,HVAC_1,59.21,27,106
2026-03-12 02:00:00,B1,HVAC_1,70.51,37,94
2026-03-12 03:00:00,B1,HVAC_1,51.94,36,63
2026-03-12 04:00:00,B1,HVAC_1,52.43,25,96
2026-03-12 05:00:00,B1,HVAC_1,64.58,32,104
2026-03-12 06:00:00,B1,HVAC_1,54.3,36,50
2026-03-12 07:00:00,B1,HVAC_1,37.57,25,78
2026-03-12 08:00:00,B1,HVAC_1,57.57,27,29
2026-03-12 09:00:00,B1,HVAC_1,72.13,24,115
2026-03-12 10:00:00,B1,HVAC_1,84.03,37,58
2026-03-12 11:00:00,B1,HVAC_1,65.43,24,30
2026-03-12 12:00:00,B1,HVAC_1,76.84,30,104
2026-03-12 13:00:00,B1,HVAC_1,79.72,33,90
2026-03-12 14:00:00,B1,HVAC_1,83.25,25,125
2026-03-12 15:00:00,B1,HVAC_1,87.16,35,86
2026-03-12 16:00:00,B1,HVAC_1,84.84,33,46
2026-03-12 17:00:00,B1,HVAC_1,79.47,25,79
2026-03-12 18:00:00,B1,HVAC_1,102.12,29,49
2026-03-12 19:00:00,B1,HVAC_1,85.83,36,29
2026-03-12 20:00:00,B1,HVAC_1,94.24,35,61
2026-03-12 21:00:00,B1,HVAC_1,80.97,32,61
2026-03-12 22:00:00,B1,HVAC_1,51.65,28,99
2026-03-12 23:00:00,B1,HVAC_1,52.53,25,126
2026-03-13 00:00:00,B1,HVAC_1,46.83,34,60
2026-03-13 01:00:00,B1,HVAC_1,66.12,32,95
2026-03-13 02:00:00,B1,HVAC_1,64.38,33,92
2026-03-13 03:00:00,B1,HVAC_1,48.49,27,58
2026-03-13 04:00:00,B1,HVAC_1,66.97,35,85
2026-03-13 05:00:00,B1,HVAC_1,38.07,31,46
2026-03-13 06:00:00,B1,HVAC_1,40.4,25,50
2026-03-13 07:00:00,B1,HVAC_1,71.29,35,120
2026-03-13 08:00:00,B1,HVAC_1,87.51,35,103
2026-03-13 09:00:00,B1,HVAC_1,103.29,33,129
2026-03-13 10:00:00,B1,HVAC_1,84.06,37,120
2026-03-13 11:00:00,B1,HVAC_1,89.14,33,95
2026-03-13 12:00:00,B1,HVAC_1,73.16,29,89
2026-03-13 13:00:00,B1,HVAC_1,94.43,37,99
2026-03-13 14:00:00,B1,HVAC_1,83.09,36,119
2026-03-13 15:00:00,B1,HVAC_1,85.82,36,55
2026-03-13 16:00:00,B1,HVAC_1,60.26,27,37
2026-03-13 17:00:00,B1,HVAC_1,80.99,36,35
2026-03-13 18:00:00,B1,HVAC_1,124.93,34,88
2026-03-13 19:00:00,B1,HVAC_1,109.88,37,122
2026-03-13 20:00:00,B1,HVAC_1,100.91,37,89
2026-03-13 21:00:00,B1,HVAC_1,82.4,30,33
2026-03-13 22:00:00,B1,HVAC_1,62.71,36,90
2026-03-13 23:00:00,B1,HVAC_1,41.59,24,60
2026-03-14 00:00:00,B1,HVAC_1,35.45,29,63
2026-03-14 01:00:00,B1,HVAC_1,44.74,27,106
2026-03-14 02:00:00,B1,HVAC_1,42.17,31,97
2026-03-14 03:00:00,B1,HVAC_1,52.33,26,129
2026-03-14 04:00:00,B1,HVAC_1,47.8,29,81
2026-03-14 05:00:00,B1,HVAC_1,51.92,34,103
2026-03-14 06:00:00,B1,HVAC_1,25.49,26,24
2026-03-14 07:00:00,B1,HVAC_1,50.65,32,114
2026-03-14 08:00:00,B1,HVAC_1,59.74,29,85
2026-03-14 09:00:00,B1,HVAC_1,79.57,32,91
2026-03-14 10:00:00,B1,HVAC_1,55.86,30,20
2026-03-14 11:00:00,B1,HVAC_1,68.06,34,58
2026-03-14 12:00:00,B1,HVAC_1,66.87,29,107
2026-03-14 13:00:00,B1,HVAC_1,56.13,26,39
2026-03-14 14:00:00,B1,HVAC_1,74.49,37,86
2026-03-14 15:00:00,B1,HVAC_1,68.87,24,100
2026-03-14 16:00:00,B1,HVAC_1,58.56,25,48
2026-03-14 17:00:00,B1,HVAC_1,64.29,26,52
2026-03-14 18:00:00,B1,HVAC_1,99.13,26,79
2026-03-14 19:00:00,B1,HVAC_1,82.32,35,103
2026-03-14 20:00:00,B1,HVAC_1,81.71,36,39
2026-03-14 21:00:00,B1,HVAC_1,72.31,29,38
2026-03-14 22:00:00,B1,HVAC_1,40.39,29,110
2026-03-14 23:00:00,B1,HVAC_1,50.65,35,76
2026-03-15 00:00:00,B1,HVAC_1,56.88,29,111
2026-03-15 01:00:00,B1,HVAC_1,34.03,29,62
2026-03-15 02:00:00,B1,HVAC_1,39.58,26,91
2026-03-15 03:00:00,B1,HVAC_1,45.29,34,96
2026-03-15 04:00:00,B1,HVAC_1,42.18,35,28
2026-03-15 05:00:00,B1,HVAC_1,41.03,30,97
2026-03-15 06:00:00,B1,HVAC_1,44.45,34,45
2026-03-15 07:00:00,B1,HVAC_1,33.4,25,62
2026-03-15 08:00:00,B1,HVAC_1,71.52,26,83
2026-03-15 09:00:00,B1,HVAC_1,49.91,24,61
2026-03-15 10:00:00,B1,HVAC_1,74.79,35,84
2026-03-15 11:00:00,B1,HVAC_1,64.36,27,66
2026-03-15 12:00:00,B1,HVAC_1,58.5,31,26
2026-03-15 13:00:00,B1,HVAC_1,73.87,32,31
2026-03-15 14:00:00,B1,HVAC_1,67.62,33,121
2026-03-15 15:00:00,B1,HVAC_1,66.04,28,56
2026-03-15 16:00:00,B1,HVAC_1,73.33,37,72
2026-03-15 17:00:00,B1,HVAC_1,68.57,32,73
2026-03-15 18:00:00,B1,HVAC_1,103.98,32,23
2026-03-15 19:00:00,B1,HVAC_1,76.0,37,30
2026-03-15 20:00:00,B1,HVAC_1,90.12,35,73
2026-03-15 21:00:00,B1,HVAC_1,68.3,25,47
2026-03-15 22:00:00,B1,HVAC_1,44.23,34,76
2026-03-15 23:00:00,B1,HVAC_1,42.77,26,116
2026-03-16 00:00:00,B1,HVAC_1,44.64,27,33
2026-03-16 01:00:00,B1,HVAC_1,41.8,24,86
2026-03-16 02:00:00,B1,HVAC_1,58.29,37,49
2026-03-16 03:00:00,B1,HVAC_1,58.4,29,125
2026-03-16 04:00:00,B1,HVAC_1,51.65,34,66
2026-03-16 05:00:00,B1,HVAC_1,64.24,33,57
2026-03-16 06:00:00,B1,HVAC_1,58.06,30,108
2026-03-16 07:00:00,B1,HVAC_1,46.55,25,60
2026-03-16 08:00:00,B1,HVAC_1,74.86,33,29
2026-03-16 09:00:00,B1,HVAC_1,69.6,25,121
2026-03-16 10:00:00,B1,HVAC_1,77.26,34,71
2026-03-16 11:00:00,B1,HVAC_1,77.43,35,53
2026-03-16 12:00:00,B1,HVAC_1,75.3,27,36
2026-03-16 13:00:00,B1,HVAC_1,69.94,27,20
2026-03-16 14:00:00,B1,HVAC_1,79.1,30,113
2026-03-16 15:00:00,B1,HVAC_1,72.34,31,43
2026-03-16 16:00:00,B1,HVAC_1,65.37,26,55
2026-03-16 17:00:00,B1,HVAC_1,78.84,34,51
2026-03-16 18:00:00,B1,HVAC_1,120.26,37,37
2026-03-16 19:00:00,B1,HVAC_1,81.64,27,56
2026-03-16 20:00:00,B1,HVAC_1,83.51,24,58
2026-03-16 21:00:00,B1,HVAC_1,92.14,37,41
2026-03-16 22:00:00,B1,HVAC_1,64.03,34,85
2026-03-16 23:00:00,B1,HVAC_1,53.52,25,109
2026-03-17 00:00:00,B1,HVAC_1,46.26,28,90
2026-03-17 01:00:00,B1,HVAC_1,66.39,33,106
2026-03-17 02:00:00,B1,HVAC_1,71.51,33,128
2026-03-17 03:00:00,B1,HVAC_1,50.05,31,105
2026-03-17 04:00:00,B1,HVAC_1,56.19,26,120
2026-03-17 05:00:00,B1,HVAC_1,53.85,37,46
2026-03-17 06:00:00,B1,HVAC_1,47.0,30,28
2026-03-17 07:00:00,B1,HVAC_1,36.34,28,34
2026-03-17 08:00:00,B1,HVAC_1,69.55,25,71
2026-03-17 09:00:00,B1,HVAC_1,77.73,25,127
2026-03-17 10:00:00,B1,HVAC_1,71.88,29,56
2026-03-17 11:00:00,B1,HVAC_1,79.13,34,101
2026-03-17 12:00:00,B1,HVAC_1,81.21,27,117
2026-03-17 13:00:00,B1,HVAC_1,82.67,35,25
2026-03-17 14:00:00,B1,HVAC_1,74.68,33,44
2026-03-17 15:00:00,B1,HVAC_1,75.88,34,35
2026-03-17 16:00:00,B1,HVAC_1,76.38,37,58
2026-03-17 17:00:00,B1,HVAC_1,78.73,30,68
2026-03-17 18:00:00,B1,HVAC_1,121.95,32,77
2026-03-17 19:00:00,B1,HVAC_1,97.52,34,93
2026-03-17 20:00:00,B1,HVAC_1,96.66,34,58
2026-03-17 21:00:00,B1,HVAC_1,76.89,34,22
2026-03-17 22:00:00,B1,HVAC_1,38.16,26,29
2026-03-17 23:00:00,B1,HVAC_1,38.17,29,31
2026-03-18 00:00:00,B1,HVAC_1,50.06,29,96
2026-03-18 01:00:00,B1,HVAC_1,44.79,27,70
2026-03-18 02:00:00,B1,HVAC_1,52.13,28,86
2026-03-18 03:00:00,B1,HVAC_1,57.43,36,86
2026-03-18 04:00:00,B1,HVAC_1,52.67,32,79
2026-03-18 05:00:00,B1,HVAC_1,44.49,30,34
2026-03-18 06:00:00,B1,HVAC_1,45.9,30,121
2026-03-18 07:00:00,B1,HVAC_1,70.26,33,126
2026-03-18 08:00:00,B1,HVAC_1,85.78,37,91
2026-03-18 09:00:00,B1,HVAC_1,87.11,35,108
2026-03-18 10:00:00,B1,HVAC_1,70.91,24,79
2026-03-18 11:00:00,B1,HVAC_1,71.35,32,55
2026-03-18 12:00:00,B1,HVAC_1,79.59,32,42
2026-03-18 13:00:00,B1,HVAC_1,61.17,25,78
2026-03-18 14:00:00,B1,HVAC_1,90.07,35,82
2026-03-18 15:00:00,B1,HVAC_1,85.38,34,51
2026-03-18 16:00:00,B1,HVAC_1,91.61,32,123
2026-03-18 17:00:00,B1,HVAC_1,81.3,27,65
2026-03-18 18:00:00,B1,HVAC_1,123.6,32,117
2026-03-18 19:00:00,B1,HVAC_1,93.23,30,113
2026-03-18 20:00:00,B1,HVAC_1,81.69,36,32
2026-03-18 21:00:00,B1,HVAC_1,91.74,33,64
2026-03-18 22:00:00,B1,HVAC_1,40.41,25,66
2026-03-18 23:00:00,B1,HVAC_1,44.94,34,38
2026-03-19 00:00:00,B1,HVAC_1,57.01,26,122
2026-03-19 01:00:00,B1,HVAC_1,47.66,29,64
2026-03-19 02:00:00,B1,HVAC_1,55.41,35,107
2026-03-19 03:00:00,B1,HVAC_1,48.24,30,105
2026-03-19 04:00:00,B1,HVAC_1,49.26,30,75
2026-03-19 05:00:00,B1,HVAC_1,63.04,30,111
2026-03-19 06:00:00,B1,HVAC_1,64.86,35,79
2026-03-19 07:00:00,B1,HVAC_1,57.86,34,71
2026-03-19 08:00:00,B1,HVAC_1,80.65,36,68
2026-03-19 09:00:00,B1,HVAC_1,89.59,29,96
2026-03-19 10:00:00,B1,HVAC_1,86.96,37,106
2026-03-19 11:00:00,B1,HVAC_1,80.62,35,54
2026-03-19 12:00:00,B1,HVAC_1,78.69,35,64
2026-03-19 13:00:00,B1,HVAC_1,155.43,30,62
2026-03-19 14:00:00,B1,HVAC_1,80.36,34,42
2026-03-19 15:00:00,B1,HVAC_1,76.56,25,106
2026-03-19 16:00:00,B1,HVAC_1,77.65,24,40
2026-03-19 17:00:00,B1,HVAC_1,75.86,36,63
2026-03-19 18:00:00,B1,HVAC_1,117.07,25,107
2026-03-19 19:00:00,B1,HVAC_1,85.78,27,110
2026-03-19 20:00:00,B1,HVAC_1,94.37,29,110
2026-03-19 21:00:00,B1,HVAC_1,98.84,28,109
2026-03-19 22:00:00,B1,HVAC_1,46.24,31,64
2026-03-19 23:00:00,B1,HVAC_1,55.07,28,111
2026-03-20 00:00:00,B1,HVAC_1,31.61,24,47
2026-03-20 01:00:00,B1,HVAC_1,44.6,25,60
2026-03-20 02:00:00,B1,HVAC_1,58.87,29,94
2026-03-20 03:00:00,B1,HVAC_1,128.76,36,94
2026-03-20 04:00:00,B1,HVAC_1,57.69,37,85
2026-03-20 05:00:00,B1,HVAC_1,47.14,25,83
2026-03-20 06:00:00,B1,HVAC_1,54.64,24,107
2026-03-20 07:00:00,B1,HVAC_1,44.26,27,44
2026-03-20 08:00:00,B1,HVAC_1,84.55,36,68
2026-03-20 09:00:00,B1,HVAC_1,79.02,32,35
2026-03-20 10:00:00,B1,HVAC_1,75.31,25,112
2026-03-20 11:00:00,B1,HVAC_1,85.16,29,92
2026-03-20 12:00:00,B1,HVAC_1,65.09,24,61
2026-03-20 13:00:00,B1,HVAC_1,86.5,35,123
2026-03-20 14:00:00,B1,HVAC_1,74.16,30,37
2026-03-20 15:00:00,B1,HVAC_1,61.63,29,40
2026-03-20 16:00:00,B1,HVAC_1,79.32,33,89
2026-03-20 17:00:00,B1,HVAC_1,74.5,30,50
2026-03-20 18:00:00,B1,HVAC_1,101.5,33,29
2026-03-20 19:00:00,B1,HVAC_1,98.52,35,107
2026-03-20 20:00:00,B1,HVAC_1,78.26,27,92
2026-03-20 21:00:00,B1,HVAC_1,88.8,31,28
2026-03-20 22:00:00,B1,HVAC_1,47.25,36,28
2026-03-20 23:00:00,B1,HVAC_1,42.31,26,71
2026-03-21 00:00:00,B1,HVAC_1,41.72,28,24
2026-03-21 01:00:00,B1,HVAC_1,45.57,25,112
2026-03-21 02:00:00,B1,HVAC_1,136.9,36,23
2026-03-21 03:00:00,B1,HVAC_1,41.78,37,28
2026-03-21 04:00:00,B1,HVAC_1,41.53,37,30
2026-03-21 05:00:00,B1,HVAC_1,44.62,36,55
2026-03-21 06:00:00,B1,HVAC_1,31.34,31,32
2026-03-21 07:00:00,B1,HVAC_1,49.8,31,92
2026-03-21 08:00:00,B1,HVAC_1,61.87,27,90
2026-03-21 09:00:00,B1,HVAC_1,65.84,30,122
2026-03-21 10:00:00,B1,HVAC_1,72.45,31,83
2026-03-21 11:00:00,B1,HVAC_1,81.69,37,109
2026-03-21 12:00:00,B1,HVAC_1,68.2,26,88
2026-03-21 13:00:00,B1,HVAC_1,61.12,25,39
2026-03-21 14:00:00,B1,HVAC_1,75.01,35,74
2026-03-21 15:00:00,B1,HVAC_1,77.39,36,122
2026-03-21 16:00:00,B1,HVAC_1,76.68,35,125
2026-03-21 17:00:00,B1,HVAC_1,73.27,26,101
2026-03-21 18:00:00,B1,HVAC_1,107.08,34,103
2026-03-21 19:00:00,B1,HVAC_1,86.47,34,79
2026-03-21 20:00:00,B1,HVAC_1,73.9,26,81
2026-03-21 21:00:00,B1,HVAC_1,136.88,27,34
2026-03-21 22:00:00,B1,HVAC_1,44.91,32,127
2026-03-21 23:00:00,B1,HVAC_1,32.87,32,35
2026-03-22 00:00:00,B1,HVAC_1,46.45,29,123
2026-03-22 01:00:00,B1,HVAC_1,48.62,24,82
2026-03-22 02:00:00,B1,HVAC_1,54.16,36,96
2026-03-22 03:00:00,B1,HVAC_1,36.04,27,44
2026-03-22 04:00:00,B1,HVAC_1,34.28,29,43
2026-03-22 05:00:00,B1,HVAC_1,45.09,37,43
2026-03-22 06:00:00,B1,HVAC_1,38.54,34,45
2026-03-22 07:00:00,B1,HVAC_1,35.0,35,22
2026-03-22 08:00:00,B1,HVAC_1,69.28,34,57
2026-03-22 09:00:00,B1,HVAC_1,63.9,28,73
2026-03-22 10:00:00,B1,HVAC_1,79.16,31,122
2026-03-22 11:00:00,B1,HVAC_1,72.6,27,115
2026-03-22 12:00:00,B1,HVAC_1,62.7,29,78
2026-03-22 13:00:00,B1,HVAC_1,68.74,29,87
2026-03-22 14:00:00,B1,HVAC_1,53.48,26,22
2026-03-22 15:00:00,B1,HVAC_1,77.33,29,90
2026-03-22 16:00:00,B1,HVAC_1,79.59,35,106
2026-03-22 17:00:00,B1,HVAC_1,59.73,28,52
2026-03-22 18:00:00,B1,HVAC_1,97.76,25,82
2026-03-22 19:00:00,B1,HVAC_1,85.53,24,118
2026-03-22 20:00:00,B1,HVAC_1,76.32,28,67
2026-03-22 21:00:00,B1,HVAC_1,96.3,37,118
2026-03-22 22:00:00,B1,HVAC_1,38.44,27,33
2026-03-22 23:00:00,B1,HVAC_1,35.54,24,43
2026-03-23 00:00:00,B1,HVAC_1,35.94,27,42
2026-03-23 01:00:00,B1,HVAC_1,54.19,25,98
2026-03-23 02:00:00,B1,HVAC_1,52.03,29,46
2026-03-23 03:00:00,B1,HVAC_1,64.16,31,98
2026-03-23 04:00:00,B1,HVAC_1,47.65,26,81
2026-03-23 05:00:00,B1,HVAC_1,62.19,31,123
2026-03-23 06:00:00,B1,HVAC_1,56.79,36,51
2026-03-23 07:00:00,B1,HVAC_1,57.38,36,117
2026-03-23 08:00:00,B1,HVAC_1,73.58,25,90
2026-03-23 09:00:00,B1,HVAC_1,85.04,36,44
2026-03-23 10:00:00,B1,HVAC_1,70.82,29,33
2026-03-23 11:00:00,B1,HVAC_1,81.34,31,113
2026-03-23 12:00:00,B1,HVAC_1,95.65,36,103
2026-03-23 13:00:00,B1,HVAC_1,77.29,26,120
2026-03-23 14:00:00,B1,HVAC_1,61.02,25,62
2026-03-23 15:00:00,B1,HVAC_1,62.02,25,23
2026-03-23 16:00:00,B1,HVAC_1,76.78,28,58
2026-03-23 17:00:00,B1,HVAC_1,73.84,30,108
2026-03-23 18:00:00,B1,HVAC_1,110.66,28,88
2026-03-23 19:00:00,B1,HVAC_1,89.9,32,56
2026-03-23 20:00:00,B1,HVAC_1,83.95,31,92
2026-03-23 21:00:00,B1,HVAC_1,95.26,32,126
2026-03-23 22:00:00,B1,HVAC_1,55.54,27,105
2026-03-23 23:00:00,B1,HVAC_1,51.6,30,48
2026-03-24 00:00:00,B1,HVAC_1,61.02,29,129
2026-03-24 01:00:00,B1,HVAC_1,39.95,24,20
2026-03-24 02:00:00,B1,HVAC_1,34.76,31,23
2026-03-24 03:00:00,B1,HVAC_1,58.39,34,78
2026-03-24 04:00:00,B1,HVAC_1,44.7,24,47
2026-03-24 05:00:00,B1,HVAC_1,56.25,35,89
2026-03-24 06:00:00,B1,HVAC_1,68.06,37,99
2026-03-24 07:00:00,B1,HVAC_1,49.38,31,75
2026-03-24 08:00:00,B1,HVAC_1,63.13,24,32
2026-03-24 09:00:00,B1,HVAC_1,72.7,24,120
2026-03-24 10:00:00,B1,HVAC_1,80.49,34,58
2026-03-24 11:00:00,B1,HVAC_1,67.13,25,42
2026-03-24 12:00:00,B1,HVAC_1,71.09,29,49
2026-03-24 13:00:00,B1,HVAC_1,82.22,26,90
2026-03-24 14:00:00,B1,HVAC_1,73.99,31,37
2026-03-24 15:00:00,B1,HVAC_1,76.47,37,68
2026-03-24 16:00:00,B1,HVAC_1,82.58,27,126
2026-03-24 17:00:00,B1,HVAC_1,69.72,32,66
2026-03-24 18:00:00,B1,HVAC_1,119.47,35,61
2026-03-24 19:00:00,B1,HVAC_1,85.69,27,107
2026-03-24 20:00:00,B1,HVAC_1,89.93,34,57
2026-03-24 21:00:00,B1,HVAC_1,85.72,30,102
2026-03-24 22:00:00,B1,HVAC_1,47.61,29,82
2026-03-24 23:00:00,B1,HVAC_1,51.24,34,103
2026-03-25 00:00:00,B1,HVAC_1,57.92,37,48
2026-03-25 01:00:00,B1,HVAC_1,49.76,24,50
2026-03-25 02:00:00,B1,HVAC_1,49.67,37,37
2026-03-25 03:00:00,B1,HVAC_1,60.01,37,106
2026-03-25 04:00:00,B1,HVAC_1,56.18,32,98
2026-03-25 05:00:00,B1,HVAC_1,49.34,31,38
2026-03-25 06:00:00,B1,HVAC_1,61.4,32,63
2026-03-25 07:00:00,B1,HVAC_1,58.16,35,80
2026-03-25 08:00:00,B1,HVAC_1,72.04,29,59
2026-03-25 09:00:00,B1,HVAC_1,75.15,27,93
2026-03-25 10:00:00,B1,HVAC_1,73.0,34,36
2026-03-25 11:00:00,B1,HVAC_1,65.3,25,65
2026-03-25 12:00:00,B1,HVAC_1,84.56,36,87
2026-03-25 13:00:00,B1,HVAC_1,72.25,26,21
2026-03-25 14:00:00,B1,HVAC_1,80.12,33,69
2026-03-25 15:00:00,B1,HVAC_1,61.11,29,41
2026-03-25 16:00:00,B1,HVAC_1,79.89,32,103
2026-03-25 17:00:00,B1,HVAC_1,84.65,33,89
2026-03-25 18:00:00,B1,HVAC_1,98.64,26,37
2026-03-25 19:00:00,B1,HVAC_1,79.98,30,45
2026-03-25 20:00:00,B1,HVAC_1,148.61,36,26
2026-03-25 21:00:00,B1,HVAC_1,93.75,30,83
2026-03-25 22:00:00,B1,HVAC_1,57.37,34,76
2026-03-25 23:00:00,B1,HVAC_1,71.42,33,116
2026-03-26 00:00:00,B1,HVAC_1,56.12,30,57
2026-03-26 01:00:00,B1,HVAC_1,49.87,33,54
2026-03-26 02:00:00,B1,HVAC_1,48.18,26,106
2026-03-26 03:00:00,B1,HVAC_1,60.2,32,42
2026-03-26 04:00:00,B1,HVAC_1,47.0,30,22
2026-03-26 05:00:00,B1,HVAC_1,54.17,34,26
2026-03-26 06:00:00,B1,HVAC_1,55.85,32,20
2026-03-26 07:00:00,B1,HVAC_1,61.51,29,122
2026-03-26 08:00:00,B1,HVAC_1,85.79,33,90
2026-03-26 09:00:00,B1,HVAC_1,80.07,28,79
2026-03-26 10:00:00,B1,HVAC_1,73.13,24,116
2026-03-26 11:00:00,B1,HVAC_1,76.55,33,70
2026-03-26 12:00:00,B1,HVAC_1,87.03,35,75
2026-03-26 13:00:00,B1,HVAC_1,93.82,37,46
2026-03-26 14:00:00,B1,HVAC_1,86.35,35,100
2026-03-26 15:00:00,B1,HVAC_1,65.82,33,21
2026-03-26 16:00:00,B1,HVAC_1,69.32,27,90
2026-03-26 17:00:00,B1,HVAC_1,76.25,35,41
2026-03-26 18:00:00,B1,HVAC_1,124.25,33,116
2026-03-26 19:00:00,B1,HVAC_1,92.89,34,57
2026-03-26 20:00:00,B1,HVAC_1,80.86,32,64
2026-03-26 21:00:00,B1,HVAC_1,75.31,24,36
2026-03-26 22:00:00,B1,HVAC_1,58.61,31,120
2026-03-26 23:00:00,B1,HVAC_1,64.56,35,81
2026-03-27 00:00:00,B1,HVAC_1,42.51,31,28
2026-03-27 01:00:00,B1,HVAC_1,50.37,25,113
2026-03-27 02:00:00,B1,HVAC_1,55.35,31,77
2026-03-27 03:00:00,B1,HVAC_1,56.47,30,48
2026-03-27 04:00:00,B1,HVAC_1,49.2,31,93
2026-03-27 05:00:00,B1,HVAC_1,56.19,27,120
2026-03-27 06:00:00,B1,HVAC_1,64.39,36,101
2026-03-27 07:00:00,B1,HVAC_1,64.5,36,114
2026-03-27 08:00:00,B1,HVAC_1,90.94,27,101
2026-03-27 09:00:00,B1,HVAC_1,90.17,34,127
2026-03-27 10:00:00,B1,HVAC_1,81.6,32,96
2026-03-27 11:00:00,B1,HVAC_1,60.95,28,38
2026-03-27 12:00:00,B1,HVAC_1,90.02,33,71
2026-03-27 13:00:00,B1,HVAC_1,90.41,37,111
2026-03-27 14:00:00,B1,HVAC_1,71.78,24,101
2026-03-27 15:00:00,B1,HVAC_1,70.26,24,61
2026-03-27 16:00:00,B1,HVAC_1,63.59,26,36
2026-03-27 17:00:00,B1,HVAC_1,70.75,31,82
2026-03-27 18:00:00,B1,HVAC_1,117.63,26,126
2026-03-27 19:00:00,B1,HVAC_1,90.1,31,71
2026-03-27 20:00:00,B1,HVAC_1,79.1,27,26
2026-03-27 21:00:00,B1,HVAC_1,79.1,31,80
2026-03-27 22:00:00,B1,HVAC_1,50.1,29,81
2026-03-27 23:00:00,B1,HVAC_1,54.44,29,99
2026-03-28 00:00:00,B1,HVAC_1,44.54,33,91
2026-03-28 01:00:00,B1,HVAC_1,48.71,27,99
2026-03-28 02:00:00,B1,HVAC_1,47.9,30,124
2026-03-28 03:00:00,B1,HVAC_1,51.66,37,90
2026-03-28 04:00:00,B1,HVAC_1,30.17,24,45
2026-03-28 05:00:00,B1,HVAC_1,35.34,26,71
2026-03-28 06:00:00,B1,HVAC_1,33.71,27,45
2026-03-28 07:00:00,B1,HVAC_1,52.34,37,68
2026-03-28 08:00:00,B1,HVAC_1,87.63,35,109
2026-03-28 09:00:00,B1,HVAC_1,75.87,31,117
2026-03-28 10:00:00,B1,HVAC_1,54.99,35,45
2026-03-28 11:00:00,B1,HVAC_1,72.07,31,85
2026-03-28 12:00:00,B1,HVAC_1,66.49,33,92
2026-03-28 13:00:00,B1,HVAC_1,52.95,24,67
2026-03-28 14:00:00,B1,HVAC_1,67.52,35,21
2026-03-28 15:00:00,B1,HVAC_1,58.7,26,74
2026-03-28 16:00:00,B1,HVAC_1,61.55,35,59
2026-03-28 17:00:00,B1,HVAC_1,86.87,36,129
2026-03-28 18:00:00,B1,HVAC_1,109.24,29,96
2026-03-28 19:00:00,B1,HVAC_1,82.15,37,70
2026-03-28 20:00:00,B1,HVAC_1,91.26,31,90
2026-03-28 21:00:00,B1,HVAC_1,76.28,27,46
2026-03-28 22:00:00,B1,HVAC_1,46.33,28,126
2026-03-28 23:00:00,B1,HVAC_1,29.72,28,30
2026-03-29 00:00:00,B1,HVAC_1,40.97,26,88
2026-03-29 01:00:00,B1,HVAC_1,52.19,26,112
2026-03-29 02:00:00,B1,HVAC_1,43.54,29,36
2026-03-29 03:00:00,B1,HVAC_1,38.51,32,30
2026-03-29 04:00:00,B1,HVAC_1,44.12,29,91
2026-03-29 05:00:00,B1,HVAC_1,37.15,30,33
2026-03-29 06:00:00,B1,HVAC_1,31.21,30,33
2026-03-29 07:00:00,B1,HVAC_1,53.38,30,129
2026-03-29 08:00:00,B1,HVAC_1,61.9,25,60
2026-03-29 09:00:00,B1,HVAC_1,56.17,24,31
2026-03-29 10:00:00,B1,HVAC_1,62.19,30,23
2026-03-29 11:00:00,B1,HVAC_1,65.06,28,105
2026-03-29 12:00:00,B1,HVAC_1,56.85,32,23
2026-03-29 13:00:00,B1,HVAC_1,78.1,35,100
2026-03-29 14:00:00,B1,HVAC_1,74.41,33,117
2026-03-29 15:00:00,B1,HVAC_1,68.06,34,82
2026-03-29 16:00:00,B1,HVAC_1,78.81,32,31
2026-03-29 17:00:00,B1,HVAC_1,65.98,34,72
2026-03-29 18:00:00,B1,HVAC_1,88.79,27,29
2026-03-29 19:00:00,B1,HVAC_1,83.02,27,112
2026-03-29 20:00:00,B1,HVAC_1,89.68,33,95
2026-03-29 21:00:00,B1,HVAC_1,75.71,25,104
2026-03-29 22:00:00,B1,HVAC_1,34.57,29,40
2026-03-29 23:00:00,B1,HVAC_1,40.71,32,20
2026-03-30 00:00:00,B1,HVAC_1,53.92,33,57
2026-03-30 01:00:00,B1,HVAC_1,122.96000000000001,29,63
2026-03-30 02:00:00,B1,HVAC_1,56.9,33,81
2026-03-30 03:00:00,B1,HVAC_1,42.2,25,57
2026-03-30 04:00:00,B1,HVAC_1,64.65,31,70
2026-03-30 05:00:00,B1,HVAC_1,59.99,37,58
2026-03-30 06:00:00,B1,HVAC_1,46.2,31,52
2026-03-30 07:00:00,B1,HVAC_1,60.02,32,115
2026-03-30 08:00:00,B1,HVAC_1,80.44,35,67
2026-03-30 09:00:00,B1,HVAC_1,76.51,32,71
2026-03-30 10:00:00,B1,HVAC_1,77.12,33,51
2026-03-30 11:00:00,B1,HVAC_1,85.44,30,117
2026-03-30 12:00:00,B1,HVAC_1,69.53,32,71
2026-03-30 13:00:00,B1,HVAC_1,78.35,30,123
2026-03-30 14:00:00,B1,HVAC_1,72.32,24,104
2026-03-30 15:00:00,B1,HVAC_1,79.85,28,117
2026-03-30 16:00:00,B1,HVAC_1,68.57,27,54
2026-03-30 17:00:00,B1,HVAC_1,83.88,25,129
2026-03-30 18:00:00,B1,HVAC_1,129.91,37,107
2026-03-30 19:00:00,B1,HVAC_1,79.31,28,29
2026-03-30 20:00:00,B1,HVAC_1,90.19,30,71
2026-03-30 21:00:00,B1,HVAC_1,105.79,36,59
2026-03-30 22:00:00,B1,HVAC_1,58.74,32,87
2026-03-30 23:00:00,B1,HVAC_1,59.4,37,38
2026-03-31 00:00:00,B1,HVAC_1,47.16,33,42
2026-03-31 01:00:00,B1,HVAC_1,50.79,35,43
2026-03-31 02:00:00,B1,HVAC_1,39.62,25,72
2026-03-31 03:00:00,B1,HVAC_1,45.47,29,32
2026-03-31 04:00:00,B1,HVAC_1,43.82,26,48
2026-03-31 05:00:00,B1,HVAC_1,51.25,33,95
2026-03-31 06:00:00,B1,HVAC_1,50.23,25,94
2026-03-31 07:00:00,B1,HVAC_1,62.7,28,105
2026-03-31 08:00:00,B1,HVAC_1,73.08,35,21
2026-03-31 09:00:00,B1,HVAC_1,79.57,30,59
2026-03-31 10:00:00,B1,HVAC_1,83.94,37,79
2026-03-31 11:00:00,B1,HVAC_1,78.86,36,24
2026-03-31 12:00:00,B1,HVAC_1,79.87,34,93
2026-03-31 13:00:00,B1,HVAC_1,89.43,37,69
2026-03-31 14:00:00,B1,HVAC_1,77.32,33,26
2026-03-31 15:00:00,B1,HVAC_1,83.64,27,104
2026-03-31 16:00:00,B1,HVAC_1,80.72,29,84
2026-03-31 17:00:00,B1,HVAC_1,76.66,36,56
2026-03-31 18:00:00,B1,HVAC_1,109.69,30,112
2026-03-31 19:00:00,B1,HVAC_1,83.67,24,110
2026-03-31 20:00:00,B1,HVAC_1,86.84,30,59
2026-03-31 21:00:00,B1,HVAC_1,88.39,33,44
2026-03-31 22:00:00,B1,HVAC_1,44.09,35,31
2026-03-31 23:00:00,B1,HVAC_1,45.95,24,111
